draw,CXCL8 KO|NEUT,CXCL8 KO|D,IL1B KO|NEUT,IL1B KO|D,TNF KO|NEUT,TNF KO|D,STAT3 KO|NEUT,STAT3 KO|D,JAK2 inhibition|NEUT,JAK2 inhibition|D
1,78.34584795109672,48.74779937631426,100.0,100.0,25.058412962800425,8.079938820171616,9.560700198943318,2.7039277219029545,7.304295054239807,2.0294643695588865
2,76.3999170867227,53.60765297888626,100.0,100.0,28.131166291548116,12.258893746462396,6.198601767801493,2.3044128852499512,4.607666557010292,1.6949023468563973
3,75.0956417265861,49.88564461501063,100.0,100.0,28.798082747774533,11.779226606714854,6.284241080083963,2.1657347383842285,4.898623776978073,1.672008317096152
4,76.27545680408387,47.1502119576407,100.0,100.0,26.335635925119504,9.025276212191514,6.39023398618308,1.859084467333405,4.946069621879834,1.4233691497446688
5,75.33017316302623,46.82548038906668,100.0,100.0,28.967761016360495,10.523152341353125,7.898954958970272,2.4136264239376093,6.035537038606142,1.8186827160455166
6,71.30488883015542,44.58070300492653,100.0,100.0,32.133437272736366,13.290484025075733,6.274740339004204,2.121300090515832,4.991017282881883,1.6721535301360446
7,73.81738527607351,50.76512663725894,100.0,100.0,29.845942912983592,13.46405183973145,8.502041288923333,3.2865899809663146,6.559442667933391,2.5030514687892635
8,71.26400684408576,43.45729348105536,100.0,100.0,32.38511956928992,12.925205556176811,6.4916264626388,2.1062032393735164,4.77887761611866,1.5315520873587007
9,80.9090009625826,50.87022737813902,100.0,100.0,22.648809482583744,6.676077396430468,9.377424729827288,2.465780718284638,6.8977494956199426,1.7778968966664976
10,81.11128285101688,58.28440976006621,100.0,100.0,23.32632488134734,9.007053941673204,7.601330216082724,2.6069147027919404,5.962792432933906,2.021420224872883
11,76.1283069254102,49.606807344838785,100.0,100.0,28.72488010536123,11.063821478817914,9.920821521083834,3.2878404596489608,7.438219130141189,2.4204842308237606
12,67.06600134511267,44.23080576352809,100.0,100.0,36.972863141647395,18.59789118388856,7.593437467708942,3.1011777682828146,5.736055068946044,2.3150892854858385
13,78.25408293852287,47.832919217038175,100.0,100.0,25.545831566343224,8.039571865312,5.884013808073451,1.5680054191706372,4.341121246958323,1.143100397809449
14,81.06231388472445,56.047317488087046,100.0,100.0,23.15725881057701,8.23798750358854,8.86605564162306,2.8165597303021928,6.777230612617946,2.119835840344886
15,76.51367529001496,47.64500919988733,100.0,100.0,26.9526772100081,9.343847065196798,6.760454026291751,1.9851872810202065,5.183128899899925,1.5040402916578155
16,70.32834292092372,48.178623741870766,100.0,100.0,34.58678330227968,17.177160769549626,8.591684974030468,3.5557056039534185,6.074657284878471,2.474091379874077
17,69.53198452519548,47.546253674090586,100.0,100.0,35.633797141721914,18.025322570617508,8.294200475440395,3.4677637255704385,6.216915279686264,2.5654458257889923
18,74.65664447777698,50.37538065017444,100.0,100.0,29.52009186936727,12.612931930311488,8.04022903199737,2.924796483029579,6.208813273641978,2.2303213105392294
19,85.18524439003853,56.577187796564786,100.0,100.0,17.64980135572761,4.631598761197841,6.488181288765549,1.5478713656729925,4.832639670529993,1.1375790614540415
20,80.2636500652002,53.795713937361754,100.0,100.0,23.349736372473316,8.021681833489048,5.266018771623349,1.5665063721700179,4.083879515048294,1.2042933820514357
21,78.76023718481784,50.46212004737709,100.0,100.0,24.797326029378063,8.305836188093153,6.0342136862013955,1.7335112907106542,4.3137067852323625,1.2232799918833193
22,83.04858462967844,60.19439846125072,100.0,100.0,21.975315957396813,7.998038689455034,6.181674348504584,1.9932385872070357,4.755557541740851,1.5177669752132084
23,69.10255319472053,38.14808450216831,100.0,100.0,34.805491611464255,12.833190125111383,7.412142305760117,2.160000466147627,5.853555145487688,1.6857020467965111
24,77.52667782783767,46.69778300776938,100.0,100.0,26.631192026228433,8.440165531639543,7.165997223313991,1.9226717101986868,5.147197317004359,1.359387777144505
25,71.17517850166533,47.92108504915365,100.0,100.0,32.908489308332065,15.45385835965768,5.257989809057884,2.0262346418490673,4.126032679458669,1.5784290047263339
26,70.32181234031567,44.92056607142191,100.0,100.0,33.53921568150889,14.799081668286107,11.03448111348948,4.094282210902877,7.93217537761598,2.8800229433723623
27,78.67759525226028,52.75712049060475,100.0,100.0,24.39560173460329,8.89666006153017,11.590878133602578,3.816365460064086,8.036721082030196,2.5766661217499265
28,74.26288278660532,54.81467035086619,100.0,100.0,29.88710828448451,15.19779500874112,8.378512982594676,3.702311180232243,6.541125564063444,2.8584105467375887
29,84.46478431786417,61.017125499779645,100.0,100.0,19.16929481996973,6.390972123281047,9.72804841053403,3.009010664556966,7.407936607567578,2.2514041306424537
30,75.74401547918272,45.25266398468022,100.0,100.0,26.855408919304224,8.857697987029024,8.369744563507076,2.3607460227049515,6.303366552375811,1.7495861924652134
31,67.67695957400467,40.06126751022108,100.0,100.0,37.138659875946665,15.867066835481225,7.652164753629753,2.5769586681604673,5.874078576696484,1.9532237864469004
32,77.28560264820935,42.796072870508,100.0,100.0,25.483396828186766,6.9935516838383505,8.066353913110136,1.8927122887332448,5.719472468716901,1.3163149539440866
33,79.77802758076741,54.08964297558092,100.0,100.0,24.306390922904964,8.750534561452806,5.92056792879826,1.8447006416969725,4.620194113727704,1.425969247779102
34,71.8790750844023,39.91107405824618,100.0,100.0,30.97769393033697,10.44422575382703,6.937500283762144,1.9002940868494522,5.134925644765098,1.387036234292871
35,72.0252825880057,40.54560834719603,100.0,100.0,31.92678780634617,11.050068765166177,6.235045671880557,1.7308396876152154,4.900340331939946,1.3464802215351734
36,70.77178402606312,42.48103170203314,100.0,100.0,32.38043985237887,12.744660699726785,6.473188899761673,2.0674518499818606,4.788351683820613,1.5108079451253698
37,77.10715515624113,45.64012459382495,100.0,100.0,25.21274410458937,7.75214836747542,6.548183923420381,1.716668302712654,4.83219174939189,1.2498713565579855
38,79.60237542795927,50.454360142067856,100.0,100.0,23.11241172366619,7.273428162480988,7.912682463068643,2.1930083412091683,6.1310275607351254,1.6757851153383685
39,70.9925606561836,46.716346934592465,100.0,100.0,33.244653022991834,15.139525875244065,7.167273171034649,2.6913834872543507,5.436145079667753,2.0178289356152956
40,81.29746852449009,57.428286288796556,100.0,100.0,21.427154385779957,7.802590701199231,7.49708398469312,2.453448758018184,5.557877575347925,1.793541446098279
41,80.8942102728684,57.17408441048624,100.0,100.0,22.412533152732294,8.34797667419659,7.929627082129953,2.6438470386261903,5.8761260306651515,1.9304799567852138
42,81.04991081788737,56.9589465960048,100.0,100.0,22.96431864527434,8.444666310131389,7.566843211388452,2.47036782831469,5.792742172279164,1.867036965179436
43,69.2175068737939,39.01844855854879,100.0,100.0,33.521872962870134,12.548092134480083,5.002022652130467,1.4761550834544002,3.8185077409703005,1.11707588926232
44,81.23279417407852,55.20393227876158,100.0,100.0,21.860114675187525,7.377264120654736,7.320217554791553,2.199272165680355,5.6538827035637285,1.6775436416744727
45,77.15471532594334,47.05344236962973,100.0,100.0,26.69890760933885,8.746216581008316,8.868133561546454,2.4967128170056974,6.598691634412546,1.8251283871917212
46,71.40213174500225,40.04410805147549,100.0,100.0,31.07171907591324,10.760976496047947,6.0392914798560575,1.690304217618288,4.367471876131768,1.206925484824517
47,78.91607748952435,51.090162512610405,100.0,100.0,25.24645625330425,8.613462196422061,7.749990170770083,2.290851241284486,5.852488170247172,1.7052531901766477
48,80.62028190310139,55.76336740217261,100.0,100.0,23.11795151378211,8.350708623593272,7.207159458672496,2.2994109882686242,5.467790716919874,1.722487984457488
49,73.88149232923035,48.21044719370436,100.0,100.0,30.273450919832435,12.501838643108709,12.60018398290902,4.529466008792593,8.954817751750788,3.135285137407029
50,77.4787417731644,56.08271048916673,100.0,100.0,27.583368480032334,12.38736871044015,7.313337812224452,2.8455393207360014,5.568971370057351,2.142196099967586
51,80.259838586102,62.14701002884115,100.0,100.0,24.103235502634657,11.366399250004955,9.555809769330958,4.091805684642247,7.414736986071036,3.1325931318888167
52,72.44896299210343,41.29087139150853,100.0,100.0,31.615734702689615,11.004466092412068,11.67976350544877,3.4161148418968,8.543430743923574,2.4375522574970665
53,79.4445926142763,51.93272851888542,100.0,100.0,26.077889120838528,8.976445515809262,8.156593768806141,2.4224969809761077,6.2062644610472955,1.816139604097089
54,81.80184648669615,57.440590277672655,100.0,100.0,21.039660923681026,7.407836880792318,10.934426859800595,3.5551087582594287,8.177862974712024,2.6044651101713945
55,75.91688196529212,47.05888778724528,100.0,100.0,27.612920586249345,9.711880177140452,7.244698660842408,2.154976573731182,5.403090497899843,1.5850723539918676
56,74.36618967838601,41.791061635084695,100.0,100.0,29.092396541812537,9.217613493284205,7.89828729448645,2.078143041217706,6.1679186983211505,1.6007004176020967
57,71.06320741153613,37.3800174833115,100.0,100.0,31.708132092831587,10.141243629390583,8.476291428480154,2.2015891685677746,6.1531257500411325,1.5687097715789688
58,77.11609594211184,49.53322818045868,100.0,100.0,26.520196127402627,9.512079282565299,6.6082615545502765,2.0192753799742613,5.085910341340871,1.5366980922843942
59,75.61109641952157,45.12434671825116,100.0,100.0,28.089084311816293,9.387861101796148,11.831329344743303,3.4369089772191663,8.850514236306761,2.5107796750765132
60,67.2979097371047,38.842502552507696,100.0,100.0,35.843374837513764,14.706633802874302,4.92948063900549,1.575042772970514,3.681064539434298,1.1657423154981972
61,72.85748563625847,44.23366354394409,100.0,100.0,30.06684973838051,11.272478188752943,6.024431191245316,1.859120779140544,4.687721863917849,1.4325270809960822
62,73.24496345269769,46.23715715572787,100.0,100.0,29.683230022676554,11.708654782708283,6.442629542514011,2.11751640852873,4.775560449111915,1.5510424778244158
63,81.84684444134459,61.18571331127467,100.0,100.0,23.09450842716676,9.501671549176827,7.73858610131054,2.8490296456247233,6.067837513600338,2.208656413783261
64,77.22514141704296,58.00737227432493,100.0,100.0,27.005658472218574,13.097933519603844,6.367558180017174,2.695785494718783,4.868401003234846,2.0422411331995405
65,80.06434553520721,50.564682651207434,100.0,100.0,22.596633982563365,6.920524198966471,6.587938536741323,1.7644782746665144,5.141760955627406,1.3617027784342817
66,79.68880582922023,49.32270508471453,100.0,100.0,23.2320696805009,6.98297168147527,6.953771367823491,1.8201838139011883,5.117239820665198,1.3202293234095053
67,78.76883921877567,50.79300575506517,100.0,100.0,24.1371257285686,8.132326552377345,9.726619186558205,2.9105189175362756,7.399770497034009,2.1749639641707175
68,75.40636600192452,48.19040655868717,100.0,100.0,28.802468985701935,10.930921524376213,4.169693183081535,1.302780693069372,3.1058041824829075,0.9630278932587277
69,73.86649632550855,49.19522989358537,100.0,100.0,30.93181699910984,13.301654656070694,7.642117253850689,2.7565647786265024,5.780653560982074,2.0585987694478947
70,74.5914470879464,45.8733335509535,100.0,100.0,28.936632055704838,10.518921635889845,5.821827025825311,1.7533390252692294,4.2970960708375365,1.2796650985853808
71,67.50486807720819,43.010993955331955,100.0,100.0,36.86489948058224,17.50096459012549,5.9510094514165885,2.247178779825809,4.343842387527586,1.6230296066007677
72,79.5593332399433,59.38695391584636,100.0,100.0,23.89053157815556,10.548787304857887,7.619710298638016,3.005626620867363,5.680780284918896,2.212686992565127
73,76.21907207573528,54.777056726246585,100.0,100.0,28.18896035046199,12.918670248201924,10.02708179713162,4.04157359660654,7.8446295555596794,3.1167742512946184
74,78.27372543245002,47.19163824256904,100.0,100.0,24.496492186055917,7.448220747851986,8.955173168155916,2.381669710310763,6.442847388838391,1.6794869498972242
75,78.18681832065518,51.0243346135123,100.0,100.0,24.91600133844122,8.796767608461453,7.052374488596136,2.1577737040932687,5.387980237101009,1.6282936439642959
76,75.65207792038863,48.5689865235412,100.0,100.0,27.985336764797918,10.563303173772454,5.153647330076505,1.6246359805740074,4.100101360701014,1.2827574956396526
77,82.30896939824802,58.94383802008096,100.0,100.0,22.14763046646211,8.07007141970425,6.306666255161453,2.034831945443738,4.805087484569093,1.533702744900689
78,74.7688844852222,49.87500361673116,100.0,100.0,28.478992270380587,11.793329364335492,7.298869228482463,2.57562416419298,5.82744490032141,2.035480042279103
79,65.90642379627116,35.93541179978064,100.0,100.0,38.05906665720765,15.131312464775071,7.40148727424963,2.266764042023184,5.507788907774902,1.6632082461267572
80,70.79237068887605,48.92696569057286,100.0,100.0,33.88569340748927,16.845154092943126,9.462114899095553,3.966848991975458,7.287319015869931,3.013065271976445
81,74.07066501681389,50.19500564005377,100.0,100.0,29.73594113138024,12.99106921899994,7.025683063289378,2.596755468435896,5.323281229766885,1.9450834876184375
82,74.31851449493116,48.81709028182003,100.0,100.0,29.51772275358139,12.12883586400909,5.526582181570127,1.8915734976247989,4.386015552839506,1.4893668679469507
83,81.14446767759931,50.82598347291103,100.0,100.0,22.327065888440035,6.457965428325729,7.974459982047399,2.0388060301661515,6.024765486545625,1.51642409376197
84,78.28140743941267,49.50693831886848,100.0,100.0,25.99748870170917,8.722773436852481,6.515460552777952,1.8606124078837771,5.159542296232278,1.458293330771987
85,78.77171721375541,51.463844576504705,100.0,100.0,25.475701263536944,8.898826341672661,9.757618696479554,2.9970840760795148,7.5480504649614755,2.2797339819528584
86,71.62043982628876,44.67017582533407,100.0,100.0,32.0699745926998,13.121300470576847,8.80633969198168,2.996705322951976,6.754223417562133,2.2647721007260535
87,74.67879957557942,46.895191474221996,100.0,100.0,29.34477076429597,11.0602112180875,7.656053497520288,2.422301892007994,5.6498228922551625,1.7613915952783166
88,70.95639795586648,43.397832050332184,100.0,100.0,33.36660760698832,13.58072868833846,6.544697844654046,2.1504900076240507,5.26578861503233,1.7145083922927684
89,81.17091689390956,57.21152042947695,100.0,100.0,23.305974057481784,8.613370943588228,6.22784713737059,2.0183373038203944,4.5048809539806385,1.442045371394396
90,77.54429690934138,57.826877419925296,100.0,100.0,27.092167622400034,12.857851926194297,10.085506339229667,4.2639706347952995,7.472868096000862,3.1072801428805974
91,74.52378597953293,45.467326746493185,100.0,100.0,28.175604115403672,10.056625273577048,9.848625467529104,3.019737138314549,7.370888081182292,2.217762418943703
92,76.18838416145441,53.43378534104626,100.0,100.0,28.891841765795146,12.718122291040434,9.266405518811016,3.53318172916397,6.900742357707301,2.589413203439883
93,73.026468532281,42.35955392454508,100.0,100.0,30.053244933750968,10.444713954647167,8.238839309671132,2.379202362671873,6.401195995353282,1.8225711256047217
94,78.49103865075739,50.275916877953186,100.0,100.0,24.567970438478113,8.277195655249836,9.161004976294429,2.7182822178073773,6.7564180509957055,1.9681460324126987
95,73.37089446487698,51.128468418066674,100.0,100.0,32.05600376681305,15.192584854296175,5.581803826430354,2.1954209482838993,4.492025384067699,1.7545065052970932
96,81.31722188094673,59.34342164553736,100.0,100.0,22.49820047087634,8.87138387418307,8.322059731062325,2.954219222417176,6.079280882815963,2.124542460347567
97,81.2411606870978,62.97177021766276,100.0,100.0,24.671211798381655,11.395373081785088,7.176864944100158,2.9466713443369152,5.461402618756694,2.218175239605602
98,72.82092776726073,45.76244006453605,100.0,100.0,32.12983348889372,12.973783834271192,9.100343027666636,3.056342802780343,6.7926161233046845,2.2434670129321765
99,75.43486725248975,46.66351839968581,100.0,100.0,27.98681846884482,9.968629599614642,6.559233954987221,1.960725988134604,5.234887994829352,1.5494485029807437
100,75.37993373509363,46.806532451536,100.0,100.0,27.925401880131407,10.019505352109793,9.256694654069275,2.8482217473725147,6.870806059370538,2.0763101829437636
101,68.54057307568884,39.12330071511897,100.0,100.0,35.71875621791736,14.082533098182125,7.4012767203738505,2.3033951584772616,5.850865670525374,1.8001188678323676
102,71.23100779697987,40.04135757848191,100.0,100.0,31.167755879596236,10.883813850779278,4.883973902947869,1.36601844809211,3.6543429252898663,1.0126659241257774
103,77.3546008927272,51.4359373354768,100.0,100.0,25.747241471487126,9.707654221047923,7.456215301057101,2.437255804036864,5.374758036632654,1.7306757766283543
104,73.94781650233615,45.599470268845366,100.0,100.0,29.575666873300797,11.033441449261272,5.495313444605154,1.6881794958908514,4.372887723163932,1.3324072935534836
105,67.77097487061904,37.69084436777682,100.0,100.0,35.51763158156314,13.67765954663982,7.153685112130237,2.16836162729227,5.5706798664937995,1.6687106420031794
106,70.61721224584747,37.99043698567031,100.0,100.0,32.44728162320727,10.908584630081597,5.433610449084936,1.4435575004770107,4.241282931442159,1.116452493405351
107,72.28772456477937,49.590357727944664,100.0,100.0,31.54153257707737,14.803592126001242,6.193584934254714,2.429512745861029,4.791232038565374,1.8625008287827538
108,77.63616492870509,55.39132334681287,100.0,100.0,25.941884656387437,11.134407020807213,9.720508008367135,3.7084516548780755,6.932497928001558,2.595233862748192
109,71.33168533530412,46.32703721488033,100.0,100.0,33.32905974432834,14.778599287446593,7.54183674179465,2.7517698460778006,6.00770915068487,2.1691577664886164
110,83.91810463589265,64.31154385556171,100.0,100.0,19.549121892309774,7.741836044015704,7.251987447044817,2.629201606726528,5.468037533760994,1.9584194223905782
111,73.12336004109596,45.36592049708263,100.0,100.0,30.911780505967467,12.01475297600001,7.94698630638716,2.567173890080321,6.191534917460095,1.9746068174009035
112,80.26156374980755,52.514382317355924,100.0,100.0,23.226760600779773,7.602511991996163,5.980682726183806,1.7006094605826916,4.662843890897406,1.3127174131905894
113,82.60697705176267,61.4317040467095,100.0,100.0,21.740266964252676,8.52238262626972,9.201938782682738,3.2870590599211935,6.851023260556877,2.4072189709345992
114,69.91026770078578,42.198719330007805,100.0,100.0,34.41246787397581,14.153270158026409,6.576871923725969,2.1642188410535113,5.19328706636556,1.6921179616408155
115,73.73887506028095,40.96123728939551,100.0,100.0,29.23125152258986,9.260892428070067,6.5696241544244804,1.7077496206006515,4.678699958789934,1.1982635868301617
116,75.19024062960266,41.74410474324145,100.0,100.0,28.27808587814803,8.527182945673095,7.413776660959204,1.8580759690359216,5.870175888247243,1.453060344013879
117,72.37164556659458,48.632936771219526,100.0,100.0,31.10397209341925,14.028411237148608,4.8953650593182685,1.8264589014930332,3.7680321002171,1.3954837656148578
118,78.63284294462886,52.251732895104865,100.0,100.0,24.44203726290306,8.7751719083202,7.4803811744577615,2.3477823720280067,5.590330569355628,1.7303219661541358
119,78.43574615073285,46.4711653601641,100.0,100.0,24.84140679045488,7.312012295457649,6.408896964452138,1.6081406820257382,4.938449668793165,1.2247570982046763
120,72.89589335677809,38.85492107584366,100.0,100.0,30.425556426273193,9.364857507495284,5.121632369333584,1.2593692420565072,4.051423244768881,0.9878111218092123
121,71.71821097740532,43.57324001094474,100.0,100.0,32.06598817712374,12.567334057991864,7.084186914691603,2.2690526411757506,5.413441861992152,1.7129802182760279
122,73.42881354895054,46.757955017036664,100.0,100.0,31.30611645449253,12.650714885815184,5.689667567050638,1.8811569856509225,4.329717221857344,1.4178377538668907
123,80.94236811285207,53.94931106522497,100.0,100.0,24.091271601765506,8.049371874883548,7.982443242504422,2.3368774989376284,6.31510571660554,1.8253709827722342
124,73.76723009420878,44.00525715340689,100.0,100.0,29.619744345723742,10.523869523660668,4.2876619611272755,1.2364797463376154,3.230926461427952,0.9244736542470267
125,77.34186628317843,49.23973333822803,100.0,100.0,25.75620263150986,8.974018109774317,9.055100820836316,2.751685789352043,6.523668027225115,1.9447504654057868
126,72.40499007051555,51.1123511032025,100.0,100.0,32.77079340523452,16.264067891684554,8.829154442358266,3.715425118954774,6.753266115405343,2.804876872329598
127,76.30633873980133,49.9204775115489,100.0,100.0,26.856672202094025,10.205106716482993,9.111794382584204,3.0096443579677445,6.541512338337219,2.120519891741268
128,76.19158327697058,49.74363944739765,100.0,100.0,27.357401268435844,10.432822382513995,7.784654300713234,2.544557170246664,6.072434751766231,1.9603843211174032
129,76.30648847517129,47.37931102816083,100.0,100.0,27.100734889214895,9.414882390962443,8.786561765800528,2.6225236020451126,6.709152451663436,1.9709890969882404
130,71.26480831127449,48.902865983832775,100.0,100.0,33.19316716852523,16.088825116750005,5.428007720599393,2.1669077458475683,4.143666561222381,1.6407996708304173
131,65.2022644772104,35.45290023672075,100.0,100.0,38.0651307605107,15.265625473071687,5.348505801584591,1.6294234567204025,4.027724896524932,1.2152538817542968
132,81.80201450238953,60.442449046067516,100.0,100.0,22.708184217480653,9.07985726879984,7.3336301060418885,2.619624132003673,5.754013071951869,2.0330990488885203
133,78.44100967893664,50.45848007877797,100.0,100.0,24.820195074330243,8.459899140379045,9.14862219252469,2.741582363863415,6.834688481381135,2.0122691686472183
134,68.80489483050684,33.680228696207756,100.0,100.0,33.68735348580654,10.47190447259424,7.311393550095325,1.7838376276078427,5.5285072746853015,1.3295169856114564
135,73.03995189240848,47.88085010746935,100.0,100.0,31.16269342630319,13.308050608536615,7.394792675092853,2.636403167189705,5.7247823211316495,2.017590685269144
136,80.26080697378953,55.93993964590644,100.0,100.0,23.406022662390825,8.71072129019157,5.704689667380047,1.8540329279044476,4.160326482129795,1.3373314159391025
137,80.8621558497522,54.898428608883876,100.0,100.0,22.283326039299812,7.629802139431585,5.082419736272559,1.5191180577112995,3.881476672037798,1.1499607387566946
138,75.51697131900708,46.16984522134163,100.0,100.0,27.330616459756186,9.4678808837528,6.981456344700221,2.044367655567869,5.390343996965019,1.5595832530199472
139,81.02095135811194,56.27579382366292,100.0,100.0,22.439578915699542,8.02288738067759,6.469243527849078,2.0427355237953693,4.805335064989613,1.499091117010698
140,71.88913743022842,38.49984783517869,100.0,100.0,32.037913899213855,10.345634473275123,8.893417244024459,2.333753287810647,6.72541742424968,1.7344011772133294
141,77.72245751560467,55.52903144351375,100.0,100.0,26.331552151342443,11.341708017355323,7.977114186549494,3.009157568406795,5.847401164272592,2.17443904532052
142,74.1362024535521,42.703708465782434,100.0,100.0,29.890693947083268,9.979353537467173,6.412695267919766,1.7504714182510872,5.083247455402418,1.3733889525230913
143,82.81999733760263,62.59165005926081,100.0,100.0,21.945334274680683,8.890785134543943,10.141238430793209,3.7694578455541583,7.8215132646417445,2.8608276095179352
144,78.89189641657995,51.46975880430023,100.0,100.0,24.136623532584235,8.280601310810676,6.72999657229536,2.0064433693018358,5.0097328156069265,1.474485574869533
145,67.42150035448347,38.80068371871121,100.0,100.0,36.758079660333195,15.114877011493055,6.6030454043213505,2.1199760811524526,5.347776337736154,1.7014331966214824
146,71.989266205412,48.72433002923691,100.0,100.0,32.27429754700929,14.980111454860923,9.648468958969236,3.7983640814295505,7.557876033340916,2.9341844219206714
147,78.1735010508729,43.8925182850806,100.0,100.0,24.750999954629695,6.702739813170567,11.427541463713942,2.7408017517472683,8.035994609845398,1.8728575780006307
148,76.77224728193832,57.00107220114919,100.0,100.0,27.194673830783444,13.029322166771983,12.588295076892575,5.460577800416456,8.953646169405783,3.794592277810316
149,75.75829546502804,53.12385843562977,100.0,100.0,28.29653746339934,12.519200112429862,8.82250505737826,3.3899798578317153,6.622921168930085,2.5075574049416294
150,76.06670421433972,51.47308985350592,100.0,100.0,28.454694352718445,11.717882059155205,7.354156895174557,2.5808074800460323,5.629253710088033,1.9518983109304222
151,74.32862745147877,53.025631511350134,100.0,100.0,29.39266769730866,13.963362324125072,8.53206572573919,3.5090536118830284,6.193520394331764,2.5094894373984378
152,75.48046022936529,41.12292193821256,100.0,100.0,27.504829690778763,7.925968041430775,6.152654685214253,1.4656975520471405,4.785950489756208,1.1276098118186306
153,74.58676494370366,43.62883087340171,100.0,100.0,28.62510899205255,9.564349622194769,6.722224775566632,1.864977505283194,5.300479728460816,1.4545167023827132
154,66.77419590313866,41.19916512127868,100.0,100.0,36.70735269116362,16.818854263799153,6.5806255653721895,2.3969843725913487,4.979805165609386,1.794339820672597
155,71.66714568904356,40.63330768676848,100.0,100.0,31.454753309006232,11.045474707619062,6.300715288233838,1.7870326449329288,4.733007155921499,1.326497093289991
156,71.7270795687521,39.21413362182285,100.0,100.0,31.8074145228194,10.603245679683294,8.203163853777296,2.221884854225298,6.191660447569536,1.650681534594023
157,77.22231350254827,56.95826685837421,100.0,100.0,26.505867808020945,12.340235034714219,5.418510237689889,2.1872725991162967,4.150525705281183,1.6621411757616111
158,77.55682545156614,54.26276884616434,100.0,100.0,26.107258032796643,10.817663890557904,9.555933057121102,3.500380659980451,7.120260710898285,2.56442120048338
159,79.0195768640815,47.47218038243402,100.0,100.0,23.582199992451013,6.89437461431922,7.762728569837762,1.9794937310639305,5.685399059280282,1.4258519425690896
160,78.65249990369666,53.4504227374198,100.0,100.0,25.45674304625377,9.619216881764014,7.199924738877572,2.360875750426694,5.400491244312899,1.7480571952791069
161,76.41700412928296,50.95826186292862,100.0,100.0,26.464586863091256,10.346472789149974,5.997684927377378,2.004965731370134,4.505710984641698,1.4904714184294954
162,79.49936368051006,53.1741253485013,100.0,100.0,24.071729349305727,8.495043068807085,6.4205671853872275,1.9695708589694716,4.781162181336962,1.4490710175525168
163,78.0974600235108,52.998821486564296,100.0,100.0,25.235194668214167,9.644486286819376,6.356333753602728,2.101452413168181,4.713260989988488,1.5401504308476421
164,71.39243825842804,43.679648428436124,100.0,100.0,32.63352319031583,13.084555613707904,6.332053655149538,2.0576239495981863,4.974574500718775,1.6008448045020884
165,84.45815318673449,65.04436427507775,100.0,100.0,19.57717427649852,7.694030863602109,10.556415943034736,3.8843201165664643,7.603699648283413,2.740660021134911
166,78.87935347857385,54.11608957056839,100.0,100.0,25.134542255438962,9.58589714580289,11.947024755654168,4.108692266481384,9.163165294535979,3.0872625383692065
167,80.59937796938779,50.70540551125187,100.0,100.0,22.6385605262707,6.755851091515696,11.056106585634984,2.985778313949361,8.004799592628098,2.1089432112103568
168,70.95464797214524,47.04430640503402,100.0,100.0,33.30529279683956,15.36887813395369,8.09871725787643,3.1051708748100926,6.394544944684943,2.4240458267109632
169,76.56250663269414,48.00097856875587,100.0,100.0,26.82565905936949,9.387094582197165,7.165362381216001,2.134554252930221,5.682401556806671,1.6740068259008423
170,74.0396109280801,46.74125030159616,100.0,100.0,29.97494753879654,11.639123569750854,8.267242486696425,2.6984355358823597,6.166567467681072,1.98219942250778
171,73.97001194085628,53.26646233916419,100.0,100.0,30.894478356946,15.204802430669595,6.0812721199141055,2.5313398577266333,4.675431262078023,1.9292998590312194
172,81.14683884019934,59.28780600579,100.0,100.0,22.693638028625816,9.034780656663255,9.359079395725978,3.375585513495527,6.5326583247569125,2.3101122912011274
173,78.38238890880437,54.044435964855566,100.0,100.0,25.234769554157342,9.866969284297234,8.345200450906354,2.868426369597943,6.019104214101567,2.0350052254222706
174,72.33474952136203,46.30620394843724,100.0,100.0,31.848321117865595,13.355325294157328,7.883374698295631,2.7452850957684127,5.882626455813478,2.0199545806336427
175,75.09965152619395,49.995469544744,100.0,100.0,28.791404553470922,11.819303060081253,6.473289217176537,2.242983612738547,4.913410253797945,1.684133000864696
176,71.51033649912719,45.232097955119556,100.0,100.0,31.464881795665633,13.123622227961029,5.390558368095322,1.8402293203551467,3.890435097082401,1.3143908555146355
177,83.63493053909266,53.93479568902566,100.0,100.0,20.92293870267985,5.715210843215068,11.123257086659965,2.7873333885074736,8.294051769806277,2.029954720552307
178,76.31037237101734,46.59480059173795,100.0,100.0,27.226633995190475,9.20089657810388,8.021938472694623,2.3077176756976403,5.90769890728593,1.6721236191106104
179,77.5277138195512,51.58289820489815,100.0,100.0,26.282611468858697,9.918195950049435,4.790442930742778,1.5300205414788826,3.739088917781863,1.1853207362118923
180,72.83895920959279,43.487235213827525,100.0,100.0,30.132471778060843,11.012496627945067,5.989570580147685,1.7953518270308222,4.418401383682024,1.309080129225304
181,75.59966011881397,55.08906523689618,100.0,100.0,29.680891132343657,14.318003127718315,6.577546264713141,2.7118271160542773,5.160420899568397,2.1087670764819655
182,72.97443762354472,45.158534697295835,100.0,100.0,29.86832229014865,11.494768473073414,5.595077948844729,1.7752812507542237,4.205595729660749,1.3211324131909175
183,78.22994373572747,51.505912945599,100.0,100.0,25.095726947738918,9.01028574590409,9.554432649865829,3.0277452829649554,7.130836094368487,2.219102698928721
184,73.97766964915891,49.986498006059996,100.0,100.0,29.271664880878333,12.701927044416472,4.852199834860594,1.7613014458518372,3.8183411154130042,1.376493446705962
185,70.1426837623544,45.79605043235787,100.0,100.0,33.79312366198164,15.509522879015325,9.237880455357017,3.5311823832565037,7.015926013947293,2.6418859758612245
186,66.47337105553655,43.735008831455914,100.0,100.0,36.81002058772731,18.591719861495026,6.172960963504348,2.5144268795863067,4.549301866055155,1.8342510472061146
187,74.46537067849158,49.51875110010052,100.0,100.0,29.54559276106663,12.36207153972757,9.583772355317999,3.442628945535897,7.281571165924882,2.5736540680369124
188,75.11794270710368,52.68823770861499,100.0,100.0,30.025912412457334,13.665631292613334,6.473462336344282,2.4896573700088798,4.999383598580042,1.9042644056060598
189,77.60128960263786,43.4386981275089,100.0,100.0,25.79041104594504,7.152790692976419,7.7082357017445595,1.81775197502263,6.070880547168689,1.4124848375262289
190,71.57040858867963,45.60661689118493,100.0,100.0,32.69100180052216,13.923777068523414,8.268799754810773,2.9147249135667685,6.4035090422163705,2.2278829345662388
191,65.82405932342546,36.7264297727143,100.0,100.0,37.21179689427151,15.15396469202679,5.154116300220535,1.6112880308693511,3.893368204256631,1.2061304626962643
192,68.94658250582735,43.690526018308574,100.0,100.0,36.26957311822392,16.58900330656091,7.941922672761659,2.9266171414630615,5.854113674286754,2.1267971151111786
193,69.04220178218674,44.73019025413593,100.0,100.0,35.50925040767844,16.65323295227733,8.986009010417273,3.4589039200295213,7.080250895468376,2.6906862164380874
194,78.78755697478911,49.79494698100364,100.0,100.0,24.682818145687534,8.04703472471453,8.468154720061982,2.4109496498014193,6.542238665509648,1.8350088932205577
195,80.43611079488699,61.294334644149316,100.0,100.0,24.12999676643962,10.91316227846304,11.119075650751864,4.596975428299066,8.486702829469673,3.4487569479947133
196,76.76395774626774,43.55999345923834,100.0,100.0,26.398242212530754,7.731178164696906,5.784762950473277,1.4141115335549848,4.524798594157586,1.0950450126760658
197,67.87411713125692,37.389743430967414,100.0,100.0,34.72250968781619,13.069986093496722,6.619303503383178,1.9642531478155756,4.9655341213482584,1.4553770565216895
198,80.5659796553845,48.832548640496256,100.0,100.0,23.771763538287548,6.6982039066729175,5.059176401950493,1.2118692679675913,3.967549660107672,0.9421452257442509
199,75.64441532886636,47.2696579400127,100.0,100.0,28.250529375291457,10.204741481033853,7.113855427600557,2.1627222387120004,5.23646902951177,1.5698861921099816
200,71.8809084088259,44.84877971699767,100.0,100.0,32.487522262659255,13.275604932624107,7.745435492973374,2.60131619447298,5.889571029938468,1.9519445169589478
201,79.15672256224622,55.70448620582271,100.0,100.0,25.909418429992503,10.378068931613138,8.643055318922311,3.0376463833189593,6.577018884985941,2.2781182635282615
202,72.25768746972257,44.78555791851675,100.0,100.0,31.53975788067789,12.546956644597952,5.583115417089147,1.8081976573273595,4.45415585020813,1.4309935100521476
203,77.29721847012607,55.26420876158284,100.0,100.0,26.816867169502324,11.735124523767704,6.5868757365981185,2.4946173992810294,5.146944626063965,1.930789320224524
204,74.49104775998394,42.12424185087872,100.0,100.0,28.542380758708063,9.054156480274766,7.247540454683643,1.9103457995387818,5.568790729243334,1.448545277418689
205,71.05321107725389,47.856648652885944,100.0,100.0,32.81057319270081,15.439715801230669,5.534183449071994,2.143524491810034,4.049204457478639,1.5533949141672054
206,73.25571587469528,50.10525654539666,100.0,100.0,30.90472424496653,14.087955854845092,4.3465263489306905,1.6386418892598842,3.4990405742524877,1.3118991745287634
207,86.0897141180472,66.51606015127989,100.0,100.0,17.56314232454178,6.400708311550063,10.26506054336992,3.541719951393729,7.488905542458857,2.5325526470123316
208,77.61455399046919,53.10967503180951,100.0,100.0,28.664320452742654,11.603353352866586,7.929967188831077,2.73662522429049,6.053664571525474,2.061600066055569
209,71.12397801571278,47.616890249788405,100.0,100.0,32.0514370630758,14.827173065993083,7.5356125544118076,2.9198828137848243,5.473159044740427,2.092144710849597
210,74.7904920446395,45.23106494704724,100.0,100.0,29.148921944351656,10.27559161635847,8.137936479338414,2.4066778885942886,6.14003527168776,1.7884374390214064
211,81.33362197924282,52.45117399558773,100.0,100.0,23.168401658147676,7.092624303353179,5.398413389612466,1.4241029333056376,4.174461032535614,1.09083566630912
212,70.22825618889917,37.54808253711729,100.0,100.0,33.17752166632215,11.233222896690254,7.8740376061687485,2.1320103061507223,5.943833510550379,1.5851617976633037
213,80.05625191225849,59.28167263805425,100.0,100.0,24.5393189321494,10.550253832415668,8.217651796982095,3.1452244073223112,6.23035434551078,2.353156006186996
214,72.54706941343942,47.701133384905646,100.0,100.0,30.375447208706262,13.087262423819567,6.0229740136193755,2.164175535934798,4.501635190312891,1.6009234486780488
215,74.86167940069342,50.36465882820733,100.0,100.0,28.950692067652373,12.19124332478474,5.441293251037537,1.922997936078441,4.157330765656098,1.4564477669525067
216,73.707491797805,45.05847619334325,100.0,100.0,28.993056775788663,10.670479702832147,7.138174903807015,2.199316742197388,5.688766227805719,1.7340195210609144
217,81.50885747575667,56.01950438191834,100.0,100.0,22.81608012669718,7.869614898068466,8.899815586929815,2.7454215052739817,6.510211217188855,1.972498406670764
218,77.76848450262398,52.84084889806267,100.0,100.0,26.37276336086465,10.29225872868188,7.611760465137307,2.5711213978933722,5.631706156428018,1.875678792432156
219,74.02693999291166,49.613230716929515,100.0,100.0,29.728825750001153,12.751769597659113,11.200854363686242,4.175724972734618,8.362257023316621,3.0562116790439853
220,75.80304950388626,44.634348698410676,100.0,100.0,27.48828782369347,8.888249450748265,6.039460402111107,1.6271635915156124,4.858545740468212,1.297090143358437
221,80.45970966005514,55.70844537275275,100.0,100.0,23.4551389198128,8.558860744972375,9.671482296228529,3.1669713453624015,7.344936543025826,2.364180989405662
222,67.54710762490194,38.468486827608764,100.0,100.0,36.15662434641579,14.537810250791416,10.858244654244464,3.5296057824799942,7.957323692084817,2.5310361414042526
223,71.90823203572805,42.772181247447406,100.0,100.0,31.44529147144617,11.810974398568675,5.47203555911363,1.6621266088857944,4.197680448004926,1.2631859643910337
224,71.35328166129754,43.495982834907565,100.0,100.0,31.768613269127787,12.579359830872194,7.267801900943239,2.3648807277763306,5.601799380314409,1.8009502962915147
225,75.85288152676904,52.78010672143738,100.0,100.0,29.649970054155382,13.041052274800968,7.631519067810821,2.855891208286443,6.049132246261513,2.2397166035135307
226,72.45576492738701,47.21516366753471,100.0,100.0,31.326299729940356,13.428389961664234,9.548876279135744,3.465384765130819,6.849112640772259,2.4392310556626606
227,80.80227163062195,53.591605586050925,100.0,100.0,22.574094863160166,7.406780016367409,7.699674278759039,2.237523568258959,5.840237311748398,1.6732555424673001
228,77.1524422634269,42.39616283234648,100.0,100.0,25.736209856671522,7.022764998092246,5.874502707411622,1.342025063972041,4.439628610000856,1.002438267363448
229,75.40780666955415,50.869948563451864,100.0,100.0,28.19641630081644,11.707554741762461,8.122842809432084,2.8988112688321466,6.052199355979903,2.128999307961077
230,75.21647856532971,43.88640605583246,100.0,100.0,27.484792556088923,8.898196044803353,8.616958829433097,2.372319605640283,6.366167787623034,1.7219233072028994
231,74.3962770832194,45.75785172401206,100.0,100.0,29.861081287396374,11.000511788975508,5.491810119226381,1.6590543666722968,4.0711910338358415,1.2171229953726659
232,73.82415886008864,39.391990215582574,100.0,100.0,29.58104168243065,8.826178289654486,7.298879884363318,1.7821379901360568,5.514138642899069,1.3270516274973332
233,68.84784778341533,42.05654230132107,100.0,100.0,34.75876092449718,14.891580239388425,5.893332899855086,2.015237214994725,4.437178683426524,1.5020095230508068
234,80.70465009889632,55.64892465233386,100.0,100.0,22.83027347431267,8.151579423322497,6.412910111360503,2.014228251863337,4.674075645510289,1.4496032379190948
235,70.4257146287367,39.12152771518971,100.0,100.0,32.597505534177316,11.544304024285845,7.293309623559541,2.078855994712192,5.180222327844919,1.4528725024945621
236,75.31895717057824,46.552378634387104,100.0,100.0,26.98186534977426,9.540438004374419,7.522572388134829,2.269005845331351,5.519680559320184,1.640073888280369
237,79.51739138412796,55.71001040686454,100.0,100.0,24.070073956539716,9.314363833029315,8.859255221870221,3.0532930991055363,6.50106723825612,2.2031963345998107
238,70.93894935880598,46.126197042728975,100.0,100.0,33.464856739290816,14.995931021842212,6.8493035804840225,2.514189704749037,5.024475886583691,1.8217590655550397
239,76.54535558356824,46.606894076908034,100.0,100.0,27.802317331017324,9.338036329840026,10.86133373560909,3.1561852358498177,8.299314077713504,2.3635021068452944
240,78.52466020458291,54.09191686577489,100.0,100.0,26.14745775872048,10.24050921231725,7.5697089548456775,2.571162844671715,5.784450667126917,1.9400303333794833
241,81.34010729231935,56.462850126911455,100.0,100.0,22.2707949139919,7.8547232607322215,7.072505788777061,2.214178864349148,5.523962847181463,1.7098069935348348
242,66.74945812122577,45.04726859215283,100.0,100.0,36.69085374612761,19.136910024836617,7.765740841291258,3.3238381635819714,5.98549984907355,2.5338987858560036
243,77.62381206391605,51.024542071619884,100.0,100.0,27.49981888385268,10.226562242474957,6.953288728044782,2.195034406942664,5.335060890580612,1.6643796477316175
244,82.00268857577811,57.47490163807964,100.0,100.0,21.912144417667268,7.684054247150285,6.876340917617618,2.143383697216572,4.864168719580764,1.4939627786986986
245,74.06964987308238,45.17445006090639,100.0,100.0,29.573075118312474,10.80391658984019,9.062456746392645,2.7942958876793766,6.397321580386251,1.933341687561907
246,70.61277900741689,42.62071558458782,100.0,100.0,32.700566501547875,13.05898318395019,8.683666667442115,2.855701415508649,6.651668929920341,2.155273205348618
247,70.952623539992,44.88292471103566,100.0,100.0,33.79621214807258,14.543331303570106,7.711090779992336,2.7099928974994802,5.794295050100063,2.009287567894724
248,79.90660128562183,54.813242270403826,100.0,100.0,25.316755497456434,9.371194021802387,6.55961295957953,2.096459883086055,5.184639245308209,1.6405929530031726
249,74.43996984427379,46.80201012581849,100.0,100.0,28.388989119096898,10.694726028782863,7.006470750713401,2.225347013137302,5.388304871107518,1.6913159112773135
250,79.43349605081367,52.746842345105534,100.0,100.0,24.51114322997271,8.579218375054488,5.685172888442502,1.712320448467508,4.358656687875751,1.3000085284464502
251,80.30694725702517,62.29824239070221,100.0,100.0,25.105745043940352,11.958728074424885,8.26698225680984,3.523051455849713,6.324167255060164,2.662740780452777
252,77.25222866346493,49.61793689204052,100.0,100.0,26.20381159781575,9.335902156624842,6.002040404155662,1.8180392476994323,4.60942630790524,1.381939503392282
253,75.48682521554994,47.39891534083881,100.0,100.0,28.3814618581285,10.391107704727176,6.3311466182896625,1.9394683275557267,4.961016176518173,1.5044815786543153
254,73.1619176473321,41.510875844407636,100.0,100.0,30.216770128375504,10.131109431527996,8.727428340823206,2.4289551864589365,6.379218935905895,1.7430620602335134
255,83.00256331374108,56.451192511458856,100.0,100.0,21.716522279362792,6.858790640296286,5.597880764750518,1.5496976775452476,4.179561722133906,1.1446220541395435
256,64.73284070502943,35.75633439231726,100.0,100.0,39.44020687646712,16.491293263344474,6.813733958966872,2.1690896852059716,5.2116174211438775,1.6398524733584496
257,70.5870342166238,40.91797287255719,100.0,100.0,33.993582493801725,12.939144367211231,7.8136709818163785,2.387622973474568,6.013068362770769,1.8128241581645832
258,75.93195379106832,44.24442705965647,100.0,100.0,27.05536208927678,8.533160544203433,5.53297527467066,1.4518270795252475,4.17411130376829,1.0837697931151191
259,82.77377541151112,59.30484118141348,100.0,100.0,21.31891167656216,7.593496314563442,9.958441352386727,3.2453736699430635,7.28654284443826,2.3280548602640505
260,77.16330339123151,52.99238433908424,100.0,100.0,27.65896342373624,11.312968405242142,8.366829880536397,2.95626095317022,6.500319616805205,2.266909046300991
261,77.13049855653549,52.18394391585208,100.0,100.0,28.31123275578421,11.331080631674572,6.613462707675454,2.2402533808641323,5.057038442623063,1.6943556325026865
262,76.92751592689956,48.06854545399896,100.0,100.0,26.900234815504852,9.26908659448621,10.236827370456448,3.0688318003866955,7.8037774671104065,2.295869649787652
263,67.79011076175243,37.96825825933382,100.0,100.0,35.17122202027064,13.627692882061615,6.110750131332732,1.8576521953303171,4.579686379606073,1.376590205506123
264,74.48982148010052,41.3085128922675,100.0,100.0,28.487519966417864,8.760622123191409,6.310750178702095,1.597634695353367,4.876748597486191,1.2206482159564547
265,78.78505946021919,57.571306427089716,100.0,100.0,24.810215315951456,10.75916979921605,7.16942816295102,2.7444293593843927,5.28799201130955,1.9992161203737813
266,70.77194689277555,39.667615063584684,100.0,100.0,32.25876432557227,11.450044545730364,4.245325443728176,1.1895381018645734,3.2034498293325053,0.8906290655251836
267,73.56330611826,49.612593258412595,100.0,100.0,30.563573083307773,13.476175362101838,8.505627148262274,3.1847228858471466,6.537567012920786,2.4153333085308093
268,67.11478460138348,38.75037137922172,100.0,100.0,37.24652165800014,15.540061584702558,7.601051328496888,2.486712147079151,5.743328251463242,1.8538732997108176
269,83.44393673000829,58.885164104737,100.0,100.0,21.04668982585839,7.041600286782634,6.214597339436978,1.8481869114596705,4.75318067382231,1.3982615042268831
270,65.35625890736966,39.377203217327676,100.0,100.0,38.328891044008,17.626879430721143,6.725014085478054,2.422285055854523,4.838258896020642,1.7204301138990408
271,70.4383616371016,38.06377896631334,100.0,100.0,32.38374633430689,10.994524803549233,8.484697275218188,2.335426954399944,6.226361894017074,1.6837081590148406
272,80.25252228384404,51.52817548361514,100.0,100.0,22.724372871277986,7.142847874277292,8.32063050962536,2.319007813585938,6.452638538003552,1.7723432108075698
273,75.67267386824756,50.05401650632256,100.0,100.0,28.493915007059556,11.377491876441947,6.366871382565941,2.1437717492105546,4.597896429563086,1.5289845354158893
274,82.71482680992058,55.76379350199847,100.0,100.0,20.698150605814604,6.433305507124098,4.873513763049441,1.3316294914807347,3.693340969989145,1.0001432829758405
275,75.31818326890388,54.90767936116316,100.0,100.0,28.608093761799182,13.785636501083488,9.45616929670895,4.000663822034212,6.845492427534849,2.848766793488644
276,79.03660977067814,57.276644161107996,100.0,100.0,24.561651709503995,10.376105773907096,6.239700821239646,2.3117070527297057,4.860280071552491,1.7841281713850243
277,73.08383500558347,38.14473537972869,100.0,100.0,30.115958416991408,8.91487065469665,6.213492158956269,1.4823761480305064,4.647075770484122,1.0947485732737405
278,78.12713484973474,56.64691353605698,100.0,100.0,25.87605885712543,11.324122185898766,10.858672049063289,4.26602737495454,8.210820338512459,3.16862672346494
279,81.45792754098638,56.77318704498931,100.0,100.0,22.152546206986777,7.84033774928311,7.154765710732802,2.2519485411725326,5.364627121932686,1.666487935256844
280,66.04821485821743,41.95020733466988,100.0,100.0,37.401547751597455,18.1637856143273,7.873056890309438,3.0769354796009285,6.2335979517919355,2.410079481597316
281,78.7355841239495,49.94536562209376,100.0,100.0,24.77332588216331,8.151126340333438,5.655906808048083,1.5898675870891332,4.303833507045695,1.1974646333679728
282,80.77740567425221,55.79036275921554,100.0,100.0,23.632021754611454,8.502778145874624,6.390017857756048,2.0087720648906737,5.065955753910711,1.5772445360755394
283,78.30329455162902,55.05776831689651,100.0,100.0,25.223228500782767,10.273788157483976,6.023385330175978,2.1293635611540074,4.437692493422407,1.5518715957032136
284,77.50714190649221,53.21273850499839,100.0,100.0,25.96959545862947,10.376862425592003,6.744955641342953,2.3315879153913865,5.0645108514259185,1.7302925581939133
285,81.86014232335066,54.47186441855576,100.0,100.0,21.588040567744727,6.802795021636355,8.507323060728977,2.405933600255672,6.772024611697802,1.889475676402963
286,70.19120130880722,43.20496142773025,100.0,100.0,34.54410914907775,14.565988904973137,7.358247712240251,2.5017805988221564,5.60649915330872,1.8826980238972668
287,80.42997930542852,56.5219083709708,100.0,100.0,23.634981485045405,8.916972672012957,9.088827952306321,3.065410537574098,6.794317581602439,2.253837983908069
288,70.77917038177496,44.143484146404674,100.0,100.0,33.132536855522,13.916745497544758,6.739553718146651,2.3035202270252464,5.169294915243006,1.7474543171546952
289,75.07012534542427,43.74348905674809,100.0,100.0,28.074585447113932,9.156285086926186,11.186142443625446,3.149874100643202,8.126817764511818,2.233146841146927
290,80.35530269468187,53.57758536039452,100.0,100.0,22.866703171254255,7.718968467778109,5.016670679431911,1.468350103752336,4.056486905634715,1.1788825018064442
291,73.8086622265119,48.81207487619981,100.0,100.0,29.19808608206119,12.245803858561077,6.585603323000077,2.329984652617223,4.845572861053049,1.6939725852122223
292,75.12107472733088,48.426834009261846,100.0,100.0,28.929450808055545,11.23616493874514,7.1399256156212125,2.335255618535337,5.580075874502189,1.8046761227113572
293,78.10865214032287,48.61460162710637,100.0,100.0,24.959423994713028,8.1045991683803,7.910166478130975,2.2268625296083644,5.755749587849868,1.5935680082810322
294,76.92784903723957,49.012771218706554,100.0,100.0,26.735341328088047,9.519189288360842,7.663715170628671,2.336951126973441,5.881135493690303,1.7696269451345947
295,81.39011326264718,54.45072029970388,100.0,100.0,22.766125132379177,7.456263005876584,9.477634503962252,2.7821668575343517,7.0668571995533895,2.036173148017495
296,79.60079235671027,55.76853658104167,100.0,100.0,25.537471655340028,9.975913388061864,10.051611593108756,3.48490843856587,7.607880254283406,2.5916606793802255
297,81.27359352005715,54.008775014757646,100.0,100.0,22.445938156431133,7.262420094465327,7.8402195059035895,2.2500758945438015,5.985032364029785,1.6933546152922418
298,82.86349636138337,65.7299616674836,100.0,100.0,22.081454905657594,10.104864560516347,6.2169136480090925,2.5620412207861265,4.842901066178484,1.978756657488523
299,77.95138957027298,55.55844980488214,100.0,100.0,25.795138011722596,10.946476618601697,5.181647034841674,1.89575360962827,3.91042005597233,1.418604023595016
300,76.18605002685882,47.499284376275654,100.0,100.0,26.74890990458325,9.36026088537264,9.264726047780803,2.8065414580423775,7.309305842857761,2.1814188620361885
301,78.68705976862522,54.845158761113765,100.0,100.0,25.389491735524107,10.067979635114844,7.5704271883602186,2.623832557152994,5.912358389667305,2.025422185454029
302,76.25291848843202,48.565039859878326,100.0,100.0,26.589929159368907,9.625563326334252,10.255629037359482,3.2510263314344146,7.513031570797002,2.332929781782267
303,79.96873370633138,56.88408481677569,100.0,100.0,26.122885274020856,10.462961377335056,11.670831344705668,4.183862307268171,9.157770831165468,3.2241169514442447
304,82.67475602595546,57.981445848859714,100.0,100.0,21.29193330730923,7.255047080060173,5.256329793425296,1.578972742470408,4.211515062220705,1.25543053119328
305,70.81631805593706,45.9215930713584,100.0,100.0,32.86081980520464,14.623139226972304,6.9682288144777615,2.554199839699245,4.993926331389009,1.8062422475406015
306,68.48432797877567,38.775167035148826,100.0,100.0,34.99864090346503,13.563807192102972,5.014848720855369,1.5154170088337082,3.8414444389951896,1.150912799308712
307,74.83712087252749,48.59658065551278,100.0,100.0,28.45287895993952,11.22257763302068,8.916391403715851,3.017849510081305,6.545855171303428,2.1780184101709565
308,75.96185544082907,48.47614580135065,100.0,100.0,27.12079926762606,9.974463474195494,4.616460045336068,1.4205194649956066,3.656440212785006,1.1173254794229148
309,69.76145602762523,42.60559759974358,100.0,100.0,33.99484569111807,14.216170069183566,5.852531188200116,1.960995940614374,4.562006033076349,1.514777756475083
310,86.15621081878695,62.26902124753033,100.0,100.0,17.591063598976554,5.357313829495469,5.562728457545663,1.5379965264924467,4.4300887590127065,1.2143043851123192
311,74.69539274253219,43.61082355823051,100.0,100.0,28.27906326706072,9.363268377285783,9.646487280586246,2.721114921404666,7.173313225525179,1.984474451144258
312,82.40051666589751,58.80305530322738,100.0,100.0,21.062895752451915,7.522738517704608,7.179248190702037,2.303649624859516,5.358217603494008,1.6967214269651087
313,71.50295892871401,49.93946070687214,100.0,100.0,32.13691049268033,15.844424664309564,8.837380277097184,3.711137510424156,6.4198734603226555,2.6550981218367964
314,80.05959053185273,59.80506346449719,100.0,100.0,24.513952756089974,10.741898384167204,7.335547008183296,2.8500277315414158,5.726308623289045,2.201425927214684
315,82.04913770491578,52.586491787579135,100.0,100.0,21.061945075230014,6.080640795549641,8.882785560986484,2.310881357283223,6.538685611872652,1.6692860838380286
316,62.90728349818566,32.66854320270319,100.0,100.0,40.36324203055406,16.221877934614458,7.53536156114798,2.278336591457508,5.302862137191822,1.5767773000616603
317,76.36859177124131,42.714793548070375,100.0,100.0,26.903411924505928,7.82746661742677,6.631326515868841,1.6123160168395545,5.008272497380473,1.2018812724853833
318,75.7531992301053,45.85496624363342,100.0,100.0,28.291148480469296,9.661196386199633,9.473868004784814,2.7585736147997197,7.058169401129943,2.017028476790683
319,81.81695291686704,55.884099008410715,100.0,100.0,22.385884841869196,7.510077372724777,11.448078967814224,3.511765833562064,8.390778809645017,2.5137551245992484
320,72.87726144634583,42.424357393354995,100.0,100.0,30.14480371339706,10.58175115138883,5.191855367299958,1.479520867089612,3.9556929107112615,1.116840630875482
321,81.77570669315475,56.4894488250189,100.0,100.0,21.51669082431945,7.349265694677598,7.743931491728839,2.37106778725944,5.64066517152233,1.70019279824426
322,63.46294841028622,36.015218154674756,100.0,100.0,38.933255442872074,17.12276080110887,4.732110462177386,1.584148801618801,3.708593394654347,1.2327002795559427
323,75.96195863548735,42.6390309315928,100.0,100.0,27.84148176909431,8.32086648473027,8.720384477157506,2.197878464645864,6.4684155430419725,1.600755631717865
324,79.9225038252586,54.10215663242314,100.0,100.0,23.706355968141047,8.425820024557618,6.795373512812852,2.1133058255846215,5.0400429711978445,1.5473299221447467
325,69.74556713992645,45.81342530691022,100.0,100.0,34.16576225822099,15.989853808889832,6.119546095265271,2.3348402885110087,4.554385475489154,1.7199376144453216
326,76.19075538181048,53.2437759051452,100.0,100.0,27.5736052387746,11.93135991488644,11.148049603160482,4.274000754029316,8.291878290463506,3.117202209383063
327,83.12458268262766,55.456565483255105,100.0,100.0,20.76016239972327,6.2106080526856955,10.411160448827527,2.8534267822349246,7.609730575609353,2.0393371577663078
328,69.40439106361957,41.30708497063714,100.0,100.0,35.78767547424858,14.742007898040033,6.77529907630694,2.2050706823203314,5.150788662067907,1.6568876456898418
329,78.58668868766479,48.81770081183517,100.0,100.0,25.1575327312068,8.034098482397201,8.337323774178785,2.309291648851197,6.282842597845306,1.7124896678897716
330,64.32492674467564,38.115185529683224,100.0,100.0,39.02016262240051,17.936976258026228,7.804932983420166,2.8104799265808555,6.030070532321375,2.1449451567443045
331,68.31648623703055,37.14852822920417,100.0,100.0,34.92512546111636,12.824753601026483,5.5257046830525685,1.5779780824664802,4.157011032192792,1.1749624123263969
332,78.04104353838635,52.2032863578573,100.0,100.0,27.812312663458084,10.586770633763976,8.992039448750411,2.946970770218804,6.808145886999206,2.1958176590938128
333,80.16982870550693,50.49819691335807,100.0,100.0,23.422956012520935,7.165133452665673,7.331522656276823,1.957256693294629,5.275246600281013,1.3857635009385638
334,72.90714739773347,49.81652895551101,100.0,100.0,30.43206232732719,13.894709421640105,5.439558949509138,2.077935757724114,4.112562105465411,1.557509708915994
335,78.69592639464031,57.150576476350956,100.0,100.0,26.04393384769601,11.280698349887064,6.604282532099715,2.48963673165008,4.915066462835682,1.8322085283216216
336,73.97102705119119,48.04271173255883,100.0,100.0,29.43629525988427,11.950957476374525,7.773964089730767,2.6694068491120992,5.572575582266415,1.8839709736972021
337,75.97240468495,48.50768478160202,100.0,100.0,26.87187075597771,9.86768545030513,6.600446542882111,2.062061263192705,4.852580252916083,1.496747916219665
338,76.4244574548106,46.22947954989325,100.0,100.0,27.559683200828488,9.165343600490994,5.526163092324454,1.5276694582973982,4.092156173246487,1.1189596851802763
339,81.78441885500015,60.357193866186755,100.0,100.0,22.394812292145417,8.913484285591732,8.231603827750856,2.9519892557708927,6.244197528398443,2.2085953612337006
340,70.12629340089741,41.76637808455026,100.0,100.0,34.029133065007045,13.614442575653696,7.661174156081129,2.4722932598448044,6.0059740670343364,1.9149079591067375
341,76.96302523971261,51.04608571255497,100.0,100.0,27.06172984848707,10.378378680477606,9.898790178793925,3.3153245368152118,7.296071416130667,2.397555839426424
342,86.26392574272947,61.23499554947275,100.0,100.0,17.494776822520176,5.063516935344392,5.72474342954199,1.504417267450775,4.271045641484294,1.1097829257617264
343,76.22888317240621,53.783638517077705,100.0,100.0,27.616381617624576,12.161703648700584,5.9807206420187775,2.2563652730542616,4.604382226745718,1.7214174901757695
344,62.92029273148536,39.14867494435247,100.0,100.0,39.97865441630726,20.16164290699568,5.056119534186676,1.9790715097517175,3.901903821140573,1.5160738080580383
345,77.24537999488241,47.653004253256114,100.0,100.0,25.624809710058027,8.4576547630294,5.368948496122162,1.498625447909696,4.241334795529883,1.1737946141264333
346,78.55260295517995,55.103108070912675,100.0,100.0,25.499324590932993,10.28930758948361,8.184707340778308,2.9005373938329693,6.399199452138871,2.23966089674813
347,78.58355247579722,52.1990063864989,100.0,100.0,24.30486082430817,8.72228996246922,10.566575246168508,3.3967776764648794,7.94377699452864,2.5038180266456767
348,76.1582504066902,44.3514393540464,100.0,100.0,27.358569124851574,8.589658647139952,7.317755165133166,1.9319004890551827,5.476555125270954,1.4249890959157852
349,81.20388697307757,58.58868829991868,100.0,100.0,22.732764014336347,8.788085110601163,11.057812320631122,3.912152132986746,8.29067428341358,2.8753562063463356
350,81.6606971440805,52.900505107417686,100.0,100.0,22.90335851121147,6.971001312075753,8.167405248443139,2.1941488304718204,6.205605204552322,1.6414717957858649
351,77.4827014066267,42.96264806825649,100.0,100.0,26.51954377552086,7.321702430416299,8.062094305565271,1.8833769788493715,5.9824709805360925,1.373746590742686
352,79.66727479656541,59.254270334949325,100.0,100.0,25.192451906956403,11.110385050560389,9.256768371624702,3.6480346636409533,7.060014651999436,2.7420867507247704
353,79.63579102861635,51.77752278740666,100.0,100.0,23.15322195025109,7.640442209747167,6.998971331674653,2.0244868102320512,5.177068145210861,1.4769288010163195
354,73.04816884344115,39.866599727865406,100.0,100.0,31.06124231697883,9.926867826110175,10.709704113037532,2.8502460899678894,7.622856127789834,1.9785344663866167
355,81.39454920051283,57.0273272497562,100.0,100.0,22.543038142352877,8.112313366457391,6.671090268938618,2.1222668528206534,5.157604232507962,1.622837639294883
356,81.18179089629817,61.023212803190255,100.0,100.0,22.503930839362962,9.533952855622763,7.416202662942506,2.8249454956291054,5.67813533431395,2.138040041793432
357,71.17112918371406,42.50920683862539,100.0,100.0,32.87439417174779,12.791831907133744,9.485544356567077,3.0432039911404973,7.102311166544695,2.238576228764977
358,83.46195311597806,58.21074464967773,100.0,100.0,20.02934909316182,6.466055492354405,8.417253510835332,2.474065933551617,6.404558504715219,1.8537138586788071
359,64.15533969485838,40.47747308502112,100.0,100.0,40.020914722986674,20.224594499177318,6.591109698767649,2.6109837357321086,5.358196582404807,2.105796578601349
360,80.43950289950345,51.79175633424601,100.0,100.0,22.497771143396083,7.049023883147831,10.0844061164023,2.846578946434719,7.285410763658218,2.0115492036057225
361,78.92265309706032,49.53361206139616,100.0,100.0,24.193514968459617,7.7198978940907,6.647984955769082,1.8325068849820658,5.089523614041658,1.3861578992684143
362,79.8211671971258,56.727347393674485,100.0,100.0,23.82765433994344,9.392957849366201,5.582362995855583,1.9217376492668636,4.463032824006352,1.5245579595408842
363,73.68411498869429,41.96029475306021,100.0,100.0,29.86042072518762,9.903689800586402,9.58006097631462,2.6628101279463023,7.1919255151982275,1.9616064934389499
364,75.26449850565187,49.36757352930747,100.0,100.0,29.576936359023808,11.86165783000568,6.972545936464236,2.3453943756056472,5.317435628490519,1.7677857714738288
365,68.59707006134096,41.67114308701658,100.0,100.0,35.882742462800785,15.471414976411513,8.655848997793946,3.00600559338442,6.3741327761253075,2.1781013240258496
366,78.48855835317153,50.707275447042676,100.0,100.0,24.494186610793744,8.379634849267282,6.723957538256475,1.9918991413230502,4.942342810717504,1.4446951434273214
367,75.94089572503147,47.87233988575225,100.0,100.0,27.058578547319478,9.74176644078889,7.129981548356934,2.184936170158036,5.2508952051136255,1.5868338162640327
368,81.20491845658559,60.0237929234845,100.0,100.0,23.359619579670678,9.577803412140307,7.480693938037552,2.733115313136325,5.624840499566519,2.0292391409871824
369,82.7059420271582,54.16611298907059,100.0,100.0,21.807071725267193,6.447408159951761,7.87189931139044,2.0678196929270642,6.192810743140442,1.6051830639081888
370,76.23357623955795,46.37140106803956,100.0,100.0,27.71066787269938,9.365590530762102,8.212067440828818,2.354982235674541,6.112561630783264,1.7247711668091248
371,72.59490756933906,48.984037236497876,100.0,100.0,30.990013108114457,13.998716089697915,4.881385896223311,1.8261936285881908,3.928280016269148,1.460464613619783
372,74.84321167800611,50.349247928888666,100.0,100.0,28.708445512219647,12.069295964692973,5.915053780763602,2.0979752713887967,4.528612550157529,1.5910967531431952
373,63.980127937905685,37.74547503019856,100.0,100.0,40.942791144550974,19.13595129491682,5.977865474075972,2.1241350535656345,4.717867012978272,1.6620594606834738
374,73.0327833480925,43.77478704149451,100.0,100.0,30.067890016617106,11.000783595897733,8.216058600869092,2.508841627363889,6.37355605159573,1.919452535083277
375,77.26213435743881,51.73254225777678,100.0,100.0,26.918582305199823,10.408847859680382,8.703408205728847,2.9191781932082494,6.362944369995915,2.09842011406991
376,70.9914489455355,39.31209613703831,100.0,100.0,32.190454985232485,11.162826086392164,6.790371443664201,1.8918270304664975,5.03404162693405,1.3836987433820225
377,72.66781112602393,39.81689062148261,100.0,100.0,30.24106063997728,9.737134413647686,8.159624721373415,2.163039695464808,5.952308513674131,1.5505143110500774
378,78.25794450010667,51.79103521756934,100.0,100.0,25.832668322882835,9.416796128149452,8.4659540513912,2.6863701441036114,6.290146613454429,1.964082225602426
379,72.27042338647077,51.65625525364086,100.0,100.0,31.440486497674826,15.82579656906099,6.732023610229476,2.8741725845342625,5.195148773210933,2.197270322622402
380,66.40666195204454,34.84035954007029,100.0,100.0,36.174384915890286,13.292535361994018,4.7305171779845505,1.3252757912422974,3.6701321817098287,1.0200313788025772
381,62.4536754067911,32.20862780721547,100.0,100.0,41.481070538809675,16.83783527566166,6.844565308497341,2.055534302399542,5.4316429581657495,1.614081417220059
382,73.18393414905081,46.12671673241023,100.0,100.0,30.475675979719952,12.089657911431706,10.072309163363402,3.3946485230454626,7.238364835741084,2.389606840275338
383,77.49363223650523,52.54806926622546,100.0,100.0,25.428009368851278,9.882911010267915,7.001349517144384,2.3640519240708424,5.11882542608485,1.70554088312328
384,77.63021396545722,50.8358011612934,100.0,100.0,25.625724576499408,9.310287960387454,9.570515791443256,3.056986549242735,7.134810017818594,2.2379556177590243
385,74.87603002920781,45.761079535779004,100.0,100.0,28.759729170317748,10.256346459819621,7.622394298099455,2.2825849358154238,5.715164803753037,1.68705077560114
386,73.53683689184835,51.98775095902221,100.0,100.0,31.94932558467044,15.46504804549701,10.573504528078391,4.404299462661909,7.698952627799349,3.147892059968249
387,82.19954477152275,52.235542576403645,100.0,100.0,21.167171774062332,5.978642928610323,6.739246746751004,1.6825380775756682,5.030437065610771,1.238881775817613
388,63.63443129825478,39.34103957639364,100.0,100.0,39.489494438912565,19.47690500333512,8.304707383279485,3.2477832721869437,5.969071713847085,2.298716414426505
389,73.67919668270004,41.40448316113352,100.0,100.0,29.705622781404294,9.639076435991434,9.005302228118905,2.437271962263221,7.12929906318287,1.9009508530752561
390,80.03070804652197,52.138772810536295,100.0,100.0,23.69637647709901,7.784373491503505,8.521690793390402,2.4696254191363787,6.760552141278509,1.9328145831863042
391,77.82823518073118,59.9310731551168,100.0,100.0,27.284470961423658,13.78420329599116,11.370859996592863,5.183330659092745,8.028480612474976,3.5861399739689492
392,80.84020735616613,58.774495081525735,100.0,100.0,23.25764150804881,9.289151633854043,8.023542242235248,2.8632504708703266,6.032064489831557,2.1230155786924665
393,65.6892332049555,39.50295797182716,100.0,100.0,37.46168911908544,16.964346648945693,5.9311779120946095,2.1051681392886157,4.242195845762675,1.4884539120020857
394,71.6927411246779,45.64298740259943,100.0,100.0,33.36060925020341,14.234903247007901,7.066413300259633,2.4589779581424054,5.209470294613483,1.7894833883959849
395,78.16647733992079,55.07112822350124,100.0,100.0,26.340547071525922,10.907793593659854,6.601781047821175,2.3628663932917404,5.029052841289272,1.7807152889612876
396,80.72866113966532,58.94809510550046,100.0,100.0,23.270123459554682,9.41677851155427,6.3245998801163665,2.2619945582264767,4.857006468668235,1.7198014582644139
397,71.84377321966875,44.53514307394511,100.0,100.0,31.893632675969442,12.843570120559534,5.869333535223875,1.9243713812468144,4.600049624286429,1.4946661876765521
398,84.01924585456054,60.33550322105788,100.0,100.0,21.38950654014654,7.297855868820092,10.591263583279687,3.313748419067386,8.13665454048339,2.4986308538830437
399,76.55682134700872,53.88021430745762,100.0,100.0,27.785775387920207,12.099442731734145,6.157662692180422,2.2935851586682876,4.75085482829416,1.7530909279521056
400,67.920641679281,42.305818034270736,100.0,100.0,35.89953076388296,16.245323082236073,5.186014164908914,1.8591032336015445,3.7853444720883256,1.3442460872195805
401,78.84710204851999,52.65408739529769,100.0,100.0,26.029033622351218,9.501095833588547,8.81275524895383,2.802630828913222,6.700295087354746,2.0976856419095524
402,72.31227429115951,38.15968913523749,100.0,100.0,30.727743234779958,9.48624083552475,6.67224310796064,1.6610951051447276,5.169233140883667,1.2715328447690966
403,77.94202276153597,47.972604635628954,100.0,100.0,25.407258155188018,8.16270597341765,6.381446267295665,1.7476516470942172,5.105754535601381,1.384588893583405
404,75.8618864778017,41.4985100078383,100.0,100.0,28.081962565572628,8.099394441132834,5.6991934658185635,1.3457325031915768,4.308789131179125,1.0060893178928554
405,80.1295744034899,50.45655952134036,100.0,100.0,22.45508044258806,6.814812149812943,6.377780810034162,1.6913296825692203,4.67328624513057,1.2229526181769645
406,79.95593810088944,54.620096851937326,100.0,100.0,23.68421606197193,8.56233458387161,5.8442308366407065,1.8384267112925845,4.218209735863776,1.3114056168172628
407,74.93127868419249,39.81603322490209,100.0,100.0,28.649220992128132,8.161743464742987,7.099358357379881,1.6632664629649518,5.542508687545711,1.2820687988769341
408,76.6828414860057,51.443099784745726,100.0,100.0,25.971501194606393,10.154276992680412,8.020513742986147,2.7323313112605163,5.758879379122961,1.9305670071814163
409,78.22531780026041,56.9638663442982,100.0,100.0,27.800179410814575,12.424145924153363,8.35825617200243,3.251163274436719,6.541777040433283,2.514145265409673
410,80.44018522057937,54.660432623347255,100.0,100.0,23.115449084012575,8.09967604121643,5.818031335966678,1.7786946094826561,4.513077207275673,1.3665960595718785
411,75.86416213621214,51.141658657545705,100.0,100.0,29.382657749236518,12.169836399210777,7.367225382759257,2.5801706037014926,5.784012854088005,2.0034440253070662
412,75.11910111655287,51.38365266273968,100.0,100.0,28.446611329257475,12.217109306074603,8.122581759948844,3.001971085462407,6.289193218624378,2.295504364052825
413,78.18739544199894,54.09092694763816,100.0,100.0,27.57132683212331,11.120949832985616,4.716835086701576,1.6011080534321098,3.5258737772853377,1.187042435397978
414,79.65274158423765,54.788761486535044,100.0,100.0,24.02647904508919,8.916937037872664,9.29113538803864,3.0733533674681457,6.914322389501038,2.24772865643863
415,74.27612726815059,45.37781980113138,100.0,100.0,29.80648468793633,10.887162378068204,9.411871918172176,2.9025131369529333,7.080559830423128,2.145379950049997
416,83.02562297798708,57.90012780456117,100.0,100.0,20.816246608993794,6.882961781171759,7.533291605493031,2.2394587065376115,5.570586754185669,1.6316582556362813
417,80.7389318928215,53.0960701455786,100.0,100.0,23.055855134244794,7.486215893318171,9.263673470185196,2.6831224898178685,7.149601850635278,2.037086479021899
418,78.59733671687863,55.04664206335532,100.0,100.0,24.477595701823105,9.753314007987901,9.550747676023574,3.401206646556354,6.826992086516581,2.3849830817862516
419,76.61021814666921,43.09043982897407,100.0,100.0,26.543138602876258,7.709219417654822,7.727281466769542,1.899151910406227,5.798747991607289,1.403058917583433
420,81.81628515520177,60.775372815926275,100.0,100.0,23.34267106281026,9.490755667257778,11.664662513427848,4.349472301839741,9.150633169621402,3.3522226422202595
421,79.35023042689883,47.70890989708359,100.0,100.0,25.019984321298526,7.341166355615936,7.830230772607094,1.9771985799473146,6.0927302393777865,1.5170893961690024
422,78.68290355941743,55.940698562593404,100.0,100.0,25.920703487339203,10.743063320279356,11.24045939963516,4.174339614337475,8.312381051882134,3.0242327625506715
423,79.12674565297242,48.31854048952172,100.0,100.0,24.690712141410753,7.481021869587224,7.8089440581466825,2.0463025610923613,6.017259316139356,1.5544999771117118
424,73.11816231711533,47.09967526761872,100.0,100.0,31.542235390261332,13.105513908049993,7.254090988719741,2.496328111892643,5.503512494387353,1.8707489544500078
425,66.64625791707921,40.98755763612032,100.0,100.0,37.788573017164005,17.43293489007629,6.820578337939809,2.481219376636079,5.2141263807851,1.876240052695588
426,75.65923142579616,53.268680681436905,100.0,100.0,29.251449923035132,13.166004389452745,9.785405522755408,3.825575724453145,7.606898725381472,2.9307953355588445
427,72.02676630695981,45.26346081911854,100.0,100.0,30.65365901593785,12.43155025556102,9.139851453726122,3.129509934023522,6.687420174052605,2.2498574314432473
428,75.04975582627176,46.39673744048578,100.0,100.0,29.23969406552388,10.626949696539489,8.131646719594766,2.483762647292098,6.095188729601819,1.833512501338963
429,68.90029954573671,44.87019248281485,100.0,100.0,34.7453459179229,16.360694488673044,8.125296387247015,3.1467617596314,6.339417068271858,2.4262313273496927
430,80.64305831512455,50.42366934272376,100.0,100.0,23.72743739012,7.058609234308843,7.6009325891757795,1.968756555483564,5.693720705034777,1.4525455174377533
431,74.98403991886593,52.683462832869246,100.0,100.0,29.774711663411914,13.606431378481155,7.793669923472956,3.044139557518444,5.820023420822807,2.243980056625783
432,74.56025810219872,50.56877865284902,100.0,100.0,28.44590709543161,12.185358318444994,6.693865544143096,2.442936132022,5.213333076459403,1.8836345423551282
433,74.58897910010006,45.09804680406414,100.0,100.0,29.425704840072754,10.448842682104742,7.5496294787353975,2.23419710603171,5.547618120837161,1.617079515296349
434,83.60057335826761,61.04688725952363,100.0,100.0,20.691711919535305,7.425242609849203,9.57615367063701,3.1530761452236655,7.516175567386584,2.4375557750462185
435,76.51702970712564,53.40459259599542,100.0,100.0,26.788339104380356,11.402889361570168,6.515041719448655,2.392699430886769,5.038038797384326,1.831944533831531
436,77.6389110094071,50.3425688323496,100.0,100.0,26.993030435438893,9.743785696072404,8.784056804796103,2.7349239369212075,6.8810450673463475,2.11207410473071
437,78.07482636460155,53.18925639205388,100.0,100.0,25.658317706693158,9.920469695607526,6.217364472382858,2.0715863397095524,4.732094720146563,1.560226637695905
438,74.9142198321272,52.748111181208124,100.0,100.0,28.804576775707723,13.136976584360017,9.705604874783525,3.8628183033583396,7.051343938529309,2.7576261532091473
439,82.2612455382476,60.69932938195699,100.0,100.0,22.197693448109533,8.677686793786288,7.342006047400817,2.5711725956822584,5.549335257187904,1.9192507656561775
440,76.8765455894656,48.08041214769706,100.0,100.0,26.514684676957444,9.13250264809734,7.703281395558759,2.271978556112142,6.177213570998886,1.8008890414189294
441,78.72911369344482,47.0680204824759,100.0,100.0,23.56925699260144,6.897570778130491,5.634165734111596,1.4141204720625078,4.309718306159227,1.0704434999777468
442,75.75629720787927,47.972441271802666,100.0,100.0,27.33216568870278,9.989909952303222,8.741930572805934,2.7489630162169765,6.448041480750577,1.993284814084717
443,77.02969921198182,54.01541244134822,100.0,100.0,26.44635315690086,11.18557348200534,5.003006410837529,1.811326064678842,3.8331386382648436,1.3769612086032335
444,74.48629860098622,45.18626300102684,100.0,100.0,29.253836205467387,10.455221802270554,9.58930851979407,2.9078043793905217,7.315711920076195,2.1801723355289515
445,71.70228576225004,45.59629089463058,100.0,100.0,31.65925090118168,13.286904934216127,8.674395523735445,3.046010682412126,6.657289118432641,2.304679366579665
446,80.86944182400782,53.08488289537727,100.0,100.0,22.91784829411022,7.371598335811569,7.817837572826958,2.2196872873585516,6.161025435186773,1.7270518103544297
447,80.28399152587826,53.41111803605334,100.0,100.0,23.32757442213219,7.889991196430135,6.5409684823239385,1.9323508103439524,4.956453998122434,1.4469644853389196
448,75.60118851549502,48.289218326329944,100.0,100.0,27.532749043232517,10.273906425569956,10.432330032063708,3.391218282360753,7.546105614068221,2.4007841125747276
449,70.93048575193872,43.45738657900801,100.0,100.0,32.71645199816688,13.281884240533525,6.632817874570329,2.188695967823262,4.822868351827614,1.5710434393298778
450,70.52262803714093,46.266097980742295,100.0,100.0,33.75728740529781,15.497863992737226,7.759232172737429,2.9384466998024883,6.022501988252527,2.2543698680099866
451,75.45367733010305,48.76451837785601,100.0,100.0,27.775114468025784,10.640177334812817,8.912682589344566,2.9405475637133582,6.370064912184736,2.0630831422085327
452,74.70021192243618,44.30756698453083,100.0,100.0,28.517847504077555,9.70628484013092,7.885212042797418,2.254535804215818,5.965351153262777,1.6805985674746782
453,73.04100645128531,44.06547993021407,100.0,100.0,30.10112274436968,11.12835923684916,9.731022282149526,3.0392837438626086,6.99275974593625,2.1394155677789017
454,75.53312845025091,51.03520310975092,100.0,100.0,28.853760469260735,12.04326870132405,9.28793131711907,3.3413428648776278,6.911834273051398,2.4455321222609405
455,76.24059246473608,47.87957023817382,100.0,100.0,26.910404099504802,9.53531025458344,6.035713884261018,1.8056915162179443,4.615841633339013,1.3664407836979198
456,76.77367592425735,48.78521408122769,100.0,100.0,26.359969006770267,9.350935601358113,7.835842883343103,2.391509589870622,6.063730872863937,1.8262612243318377
457,66.90542566686715,42.52697807246795,100.0,100.0,36.830262530496505,17.586852952779008,7.778477988101818,2.9947028448230717,5.970639566594449,2.271304856709877
458,71.8650370517323,43.999602453966006,100.0,100.0,31.41392773764067,12.348853512993651,5.600762495564082,1.7922958278961176,4.405099699824477,1.3976391161350188
459,77.99921270229781,53.66174492912964,100.0,100.0,26.887678425470362,10.724301333550201,10.776277045863248,3.7953980628489536,8.406932566770953,2.910842004677927
460,67.73411530158512,34.29845395070724,100.0,100.0,36.178280424155574,12.354940681890502,6.376338933400683,1.6654335847701707,5.040871780220691,1.3028889265764843
461,72.47199992493279,49.27067082767906,100.0,100.0,32.52372999075826,15.09745372735214,8.618790867379856,3.362549262432235,6.1684654485179236,2.367853911407569
462,78.95059649895911,50.99754111359312,100.0,100.0,25.102618895749995,8.508417382817035,8.58960950063783,2.5410593729955244,6.697358217314575,1.9528095230346487
463,76.79271518435118,46.763542020547064,100.0,100.0,26.722138691180486,8.82614562959253,5.22987255667795,1.4437967335413804,3.910319639086035,1.0687383252143468
464,74.9270110845606,48.70238576931292,100.0,100.0,28.881588797569112,11.427598288157926,8.412434250262235,2.8353949331758943,6.052180900461068,2.0056146650972773
465,79.0542548241008,55.12106091057856,100.0,100.0,24.703495378497742,9.646587746819879,5.991195695745288,2.0317758378138984,4.767865977275465,1.6031249877675902
466,76.0738039660271,52.83004857589746,100.0,100.0,28.20817100258255,12.157852926264667,5.16095779115725,1.8808367497489042,3.9173538111721085,1.4158237300352705
467,81.19570402694983,53.98509748176895,100.0,100.0,22.173639591992256,7.18500279373494,6.373416133312748,1.8159884156328854,4.749025519077,1.3365695693110524
468,71.63381132867903,43.67684498848624,100.0,100.0,31.168870117709456,12.207845327067124,6.022758133260597,1.9299947657491878,4.468571612996952,1.4160412480681894
469,79.91419981599384,57.55327570438704,100.0,100.0,23.350726438692483,9.405563464230616,9.38624772730271,3.4097487591769227,7.196094862159508,2.574508088069627
470,72.15933168985148,45.948143967241165,100.0,100.0,32.33861135908319,13.55136350285424,8.673459462485845,3.0207757384361322,6.271905105131037,2.1475622945439476
471,79.96652968443192,56.899607817883236,100.0,100.0,22.637031647269033,8.82358036831905,5.216841304191533,1.7877959216552997,4.152662130598095,1.4126794754938166
472,71.70611278968721,44.23683977072118,100.0,100.0,31.31804509772018,12.490511307470953,8.546891906060406,2.842237267539194,6.730262454847081,2.2088380783404693
473,69.94709295710797,46.60313691341078,100.0,100.0,34.48057118460177,16.48170310197752,7.355542651989088,2.8911478670791357,5.563438399729725,2.161372855655319
474,73.74815819397674,40.45445842915173,100.0,100.0,30.011197811482948,9.395629539455063,6.524977738986504,1.6601129729526543,4.863645459279797,1.2212568188112227
475,83.49410736284963,58.585348823025704,100.0,100.0,20.346660078255606,6.667144035019623,10.2820745039653,3.1054095982535834,7.857576669869659,2.329228600934452
476,70.14675538484096,41.25589686764622,100.0,100.0,32.9526361500981,12.808165019412598,6.565472036556031,2.057015694674502,4.707841780645062,1.4551409669695814
477,80.66828611342282,59.004129368377,100.0,100.0,23.721781218990923,9.687353044414849,7.823096937713103,2.844043053266365,5.894262962098196,2.1146635086837007
478,73.89355799387035,44.010517941108255,100.0,100.0,29.452417797610188,10.389367448090148,7.273579495665339,2.1319484981062065,5.7439978608261,1.6642113682500237
479,67.4494386480015,39.74021042334517,100.0,100.0,37.011033755355015,15.754147105521954,8.397702739588297,2.834957094936452,5.988620520576071,1.9870653537549465
480,78.90337479242132,52.26050477994764,100.0,100.0,24.655840179504718,8.740958927453269,5.295053456402399,1.6101306872380095,3.903155712878026,1.1748625734350093
481,69.73578098732291,35.543236349110884,100.0,100.0,33.11431942450582,10.592921266372135,6.328303497114773,1.5910199502957467,4.8747486212212365,1.2115040371301955
482,74.05969565946239,53.70935698997447,100.0,100.0,30.51531122191401,15.144575153363803,5.798535819544393,2.4405079424049014,4.371263524814406,1.8237889777738214
483,68.10643047426758,37.706879085141175,100.0,100.0,35.59929533155587,13.546525211753458,8.151329434854604,2.4539206031725103,5.925401174989309,1.7541024217844203
484,78.98557020741418,53.82010986153909,100.0,100.0,25.34786512562075,9.525479025312322,8.64105706107744,2.8492045585270853,6.211415664775977,2.0122131121954934
485,69.44596057555172,38.202160396970406,100.0,100.0,33.727063541397165,12.158336835732186,4.987515563865186,1.4076075427899015,3.8449474571283337,1.0758616710177527
486,85.11015203588812,61.73376898750723,100.0,100.0,18.225648884355884,5.918158892235226,6.2720051341307315,1.853647636667044,4.57588838433206,1.3353508110371726
487,68.76140357022041,44.5689895223103,100.0,100.0,34.02002203844816,15.849202627456716,9.010300824239225,3.490936321745297,6.481631946827637,2.4691985621830836
488,78.0913013506919,54.78659099290893,100.0,100.0,26.054393904716555,10.696822326058108,6.227351347164145,2.2077642410258447,4.8721251286361955,1.7113364964482902
489,74.19107624935835,43.9143197049932,100.0,100.0,30.29772736119113,10.58614130386789,11.299969248849784,3.3535916466716054,8.228612515379218,2.384027938711686
490,77.72696049002373,49.13628802192191,100.0,100.0,26.322025194177414,8.999664811976126,6.25534200951906,1.813666326105956,4.871635706445532,1.3978264062641133
491,74.52583124182827,47.397822470336635,100.0,100.0,29.922077858545705,11.622468838293653,7.906268289134166,2.5760525186867334,6.1742795629843865,1.9865420718008342
492,67.8376274765273,39.08028099098003,100.0,100.0,36.020797177964305,14.61994392848135,7.0460976497400685,2.2535028932740953,5.627091377041237,1.7811800960261137
493,77.13895916401809,56.02765308943706,100.0,100.0,26.91124755068689,12.20647205119505,8.142090017323289,3.238664348583975,6.316014622126209,2.482590155651987
494,68.34545219473758,44.22854719842215,100.0,100.0,35.65386901992779,16.910211298556575,7.1178744872728235,2.7376673256347517,5.353320193123179,2.035194621381897
495,76.19635832078991,54.66550940111263,100.0,100.0,26.6729787143957,12.051222218075331,6.56847313484108,2.5799609192215023,4.911402862289583,1.9085439129929105
496,77.87323247725641,56.84744764664631,100.0,100.0,25.392151960950738,11.299856380830741,8.722623263782936,3.45346126010736,6.397706494839895,2.494596186367015
497,66.93791947813904,38.92863588394745,100.0,100.0,36.41609716032976,15.27696708612083,3.976449677599403,1.2870088979145322,2.996235956193938,0.9631056943049332
498,75.82050717717746,54.28930916194725,100.0,100.0,28.06675218620095,12.875389842881745,8.480477409092712,3.390650042960597,6.479853133464742,2.557213644950229
499,74.56848171091627,39.467949857072206,100.0,100.0,28.536845898191487,8.155474729536838,5.875387168577273,1.369055617438264,4.5094387112105565,1.039206647392954
500,71.20282034334633,47.865989847492585,100.0,100.0,32.36212418500406,15.086317648921044,11.436747700592974,4.57579116809087,8.37996859474156,3.284774471816354
501,77.42539483260227,48.64561987736177,100.0,100.0,26.676157764043616,9.130585019245686,8.221199012352487,2.4142490935673333,6.2334061531926,1.8029292952611686
502,77.48087272676018,56.745672035356186,100.0,100.0,27.664677788796677,12.726720582644347,7.590013426188403,3.0366269376650323,5.574560202826085,2.2014765395258262
503,66.820670480902,34.01792996261076,100.0,100.0,36.18525346173812,12.675949282510624,5.409364354461498,1.4428601868865076,4.104674222824634,1.0838932435863202
504,82.27720506062558,63.22381231049916,100.0,100.0,22.845156711554747,9.881266899282881,9.43123595300831,3.7129958322671186,6.911916979030686,2.676028412619613
505,68.81358748461106,38.42644667293587,100.0,100.0,34.32927743633548,12.880499538441526,5.825097562954151,1.7193460800496774,4.474814474573286,1.3075817070539175
506,65.13919055784025,41.38701289554191,100.0,100.0,38.64508635995296,19.225745023253225,8.66075605349722,3.459189282621433,6.249477870830944,2.4571445849622897
507,71.71165739615424,46.11602676072791,100.0,100.0,33.18397905083942,14.359434003627047,8.529950723016732,3.0522173051860113,6.498071547546813,2.2924610957605007
508,75.83743713807111,48.027418408474155,100.0,100.0,26.981103150731546,9.811791784115343,6.532124709385045,2.016141293909113,4.961430291073898,1.5137610805931345
509,65.29286644823584,35.249027356452714,100.0,100.0,37.852027592554634,14.983558742034308,6.3585411267787055,1.9270466346569703,5.012433332483901,1.5040239267005373
510,80.28764826351241,51.13759222340819,100.0,100.0,22.25885850333913,6.852912398789623,6.682236285645338,1.806734129797083,5.184557377909904,1.3855703791824214
511,71.59225404494389,45.13791135679048,100.0,100.0,33.271470012994044,13.999183979128759,4.426554480817546,1.4895350091591153,3.4852792242312636,1.1651813412398626
512,81.13404903608938,57.4357405091606,100.0,100.0,22.51343617531687,8.354826907216317,8.922614774730675,2.9822604889450655,6.532565737158713,2.1459339551971324
513,74.74165224252562,51.663668574215514,100.0,100.0,29.081007248691492,12.900745282144033,9.92588006170413,3.82799448285438,7.227213748248151,2.7368585514267574
514,78.60773556490123,55.120765707930516,100.0,100.0,24.706074134660394,9.88347110365887,6.462411915537192,2.257121346083435,4.9599382858271035,1.7144338155690053
515,80.08421143837134,50.19765045411961,100.0,100.0,23.928551300557587,7.308330887630121,9.706090291318725,2.623749323187752,7.63115913713076,2.028834458758566
516,74.13600339636382,47.908999081711514,100.0,100.0,28.401695328106193,11.29093452359663,5.583130142967995,1.8620250415857242,4.144431037549778,1.368309376664234
517,81.10276462540511,51.880106126229904,100.0,100.0,21.927526550116017,6.5905394079108675,7.445869408169392,1.9809280812503105,5.6638369972409786,1.4858318671709503
518,78.56931046757578,55.049447580571176,100.0,100.0,24.903741081974616,9.97286207265471,6.853291026490305,2.398764587829094,5.245661932974222,1.8157011718307192
519,72.645363169512,44.82555095311539,100.0,100.0,30.755845683054396,11.962514917533685,7.65447682179291,2.473061450431424,5.990723946497257,1.9122068244111334
520,65.71037537137335,38.08069347813808,100.0,100.0,37.45502258115954,16.120569038681875,4.54909784816434,1.506470869761456,3.465570918157479,1.1390046861577852
521,74.3620384561976,50.44182002537898,100.0,100.0,30.033917676116307,13.091600177270523,9.256633658405299,3.455978555576489,7.038011787966059,2.5880033994086005
522,77.13203992194401,52.827220039733234,100.0,100.0,26.7548477502782,10.816050082048957,8.02290561226121,2.814570487469392,5.875353604819011,2.0303991215117057
523,73.67791890814075,48.222524933474254,100.0,100.0,30.134008246588827,12.549971285046125,8.648815845282588,3.0539658995026975,6.500699122486642,2.261054003348173
524,77.42894115466332,51.70113207246709,100.0,100.0,27.292004390203907,10.48478325863651,7.580139535210839,2.4954468316746636,5.756071092458237,1.8701910431798252
525,72.99198837359502,45.47559716152257,100.0,100.0,30.115804192450945,11.73799835956818,5.8403333633539445,1.878205941344846,4.504211351104104,1.4347065751198929
526,73.63325804821939,52.554762195378316,100.0,100.0,30.832681259213125,15.02466931787424,6.975841712726593,2.8885065238393737,5.541807641130115,2.274171397235958
527,67.43383462899997,34.77894293691058,100.0,100.0,36.037099191796564,12.67059724467302,6.595241134527086,1.7858825867817618,5.056805922225105,1.3530507878774745
528,74.27362744822722,47.89631828197083,100.0,100.0,29.845478682019642,11.92971007113014,7.196575129158312,2.40960876494285,5.444605957597625,1.8003932712431503
529,61.06182389567376,32.56619964832647,100.0,100.0,42.138044762309825,18.318850595017576,6.738081208355096,2.1765569436900667,5.313152373805174,1.6987015483273082
530,67.48624232099503,42.063010001959675,100.0,100.0,36.63243161062453,16.819603830870488,6.754911578735778,2.47128306449671,5.076126242455614,1.8361369365202718
531,85.3806319185345,63.34887815265227,100.0,100.0,17.749224354314496,6.003076657015416,6.270978375279257,1.941631335050742,4.948907164468941,1.517511877737232
532,75.32687319572484,47.29329872882386,100.0,100.0,27.94818365662798,10.23364280832675,8.580743596068551,2.684583460119483,6.082461942369932,1.8678918325840121
533,71.15834781694036,47.136828510860575,100.0,100.0,31.391108166892167,14.189522960548938,6.472477549917343,2.4400798092201303,4.809441402268844,1.7932616071397178
534,76.59357449651047,46.71925737897009,100.0,100.0,26.248962093088192,8.706656656880918,6.97247383282239,1.9688287644641145,5.49440046327303,1.5339692167454344
535,76.95585653144971,55.136232727237335,100.0,100.0,28.261634633481236,12.662169860345518,6.293621080996581,2.412053309072748,5.015092876571137,1.9060164734369889
536,73.7966392122853,45.725792775878524,100.0,100.0,29.921708655808498,11.326237829737218,4.044019122305331,1.2450546150320374,2.9755839876194123,0.9091040746637358
537,73.42226059930832,43.808262784630934,100.0,100.0,30.03125836270274,10.804088948932966,6.447563585675297,1.9078688267867294,4.9923498541794125,1.4612588818838423
538,78.16841345236088,54.81898654426198,100.0,100.0,25.899166675555342,10.589603620748079,10.877591187289648,3.9716792014356517,8.212397621667522,2.9426814158331926
539,70.94655888909783,41.57102846313933,100.0,100.0,33.63827393664091,12.868136295724764,7.857726705225232,2.424408009240231,6.157972999483452,1.876043809375172
540,77.95871645420895,49.70585370557291,100.0,100.0,27.17589956561198,9.442650825490484,9.986674234103997,3.0068839928641844,7.652427798504879,2.2630521950447346
541,74.4245779379539,40.30218085574716,100.0,100.0,28.81166846198513,8.583429815500121,7.871470415730009,1.943631547413538,6.028392711717889,1.4664436120655489
542,81.04413896753961,50.920432504866994,100.0,100.0,20.803925803222466,5.992612951278254,6.047172855006311,1.537888186397085,4.309855950573816,1.0811536325121551
543,68.3466538763532,38.84338647582938,100.0,100.0,36.1005465746967,14.250181215772106,8.322334269313147,2.6008207740983225,6.322532473798804,1.9466705928749772
544,73.43799634345021,40.111400116434226,100.0,100.0,29.63765669226637,9.259032794040213,5.801452125463369,1.4700209019541721,4.475271073932873,1.1221906509464974
545,68.35246679213803,41.39360480187698,100.0,100.0,35.751041090440296,15.395330517609452,9.353285573437887,3.264170827395385,6.914396694252223,2.371496611630586
546,83.3119413697559,55.185231750496264,100.0,100.0,22.0676806969058,6.528465110964465,6.857530832074932,1.783611601191848,5.170562588727112,1.327061703464072
547,80.26270377027815,55.128498972014775,100.0,100.0,23.056034285048387,8.30139389136072,10.454522540717303,3.4071008779872014,7.956075215557956,2.544998260261311
548,80.17113173129918,52.370695062026186,100.0,100.0,24.36338075529243,8.054342677988346,9.27915990856264,2.706324160353457,6.756510679621719,1.9325136984954305
549,70.65094569955079,42.38723789807699,100.0,100.0,32.46544466181229,12.81011609430478,8.489011736138675,2.7569863445365383,6.4818283590275865,2.0743907693709374
550,75.02045067023863,52.32953788838375,100.0,100.0,29.500112759883734,13.265657867454427,6.555481760342197,2.500100208374567,4.837554199243021,1.824178188787029
551,78.58995604691769,53.935113939361365,100.0,100.0,25.536740102832066,9.860320775754182,7.654563581882801,2.5758669360508413,5.659475660641822,1.8775794165548643
552,75.70990809638279,54.27413219970498,100.0,100.0,27.92801697058063,12.858887352544501,8.791754581408185,3.540731684104337,6.524658341024425,2.589259860786153
553,82.06943591359949,58.11664373654888,100.0,100.0,20.7465316459147,7.352456422513409,11.037514967781581,3.624937541907347,7.6216490645628525,2.440177217298767
554,73.48927833921944,41.53612883384471,100.0,100.0,31.095394616868944,10.366935192453175,5.497936309719853,1.4691491189408379,4.110167051820723,1.0866192498228178
555,77.24326381144856,58.16485468415533,100.0,100.0,26.523525595206397,12.8813574508725,8.436987113484818,3.637025377778247,6.596636210895057,2.811537651638474
556,74.76567935542687,44.51292157126899,100.0,100.0,28.053709890112955,9.549410469765096,4.6405527080593085,1.3004831494065283,3.7216815091342226,1.0357923498315436
557,82.78796050678372,61.54456554664862,100.0,100.0,21.407684798442126,8.310122449143464,7.117945668807957,2.4864776212486173,5.369128705393789,1.8528724820353615
558,76.55516452779861,51.87081965441374,100.0,100.0,27.76489340972599,11.258067803717642,8.635617833079824,3.025258747231152,6.733358853469373,2.3273660098440785
559,71.7436026575913,42.27589913981048,100.0,100.0,31.342595851892575,11.635720935183835,6.451208287859389,1.9503743772677495,4.530438789699209,1.3503305214778605
560,70.26790669261183,38.5327166766159,100.0,100.0,34.04991194297201,12.045178584821937,8.635180954813348,2.445640209268196,6.459425474236513,1.7987231477064602
561,70.42935818372679,48.083716042747604,100.0,100.0,33.63136295693705,16.461502524225956,5.313053475076068,2.135409251115783,3.8937171436461693,1.5510483072909587
562,74.29035410800189,46.840298547548834,100.0,100.0,30.43408314877731,11.7699494576316,7.097308357846277,2.276471966650062,5.511559031119562,1.7475824491185121
563,73.06370759455261,44.37578287177468,100.0,100.0,31.23900693118702,11.787054369025462,7.986225566545935,2.4891981652344297,6.066622705374836,1.8641158070466624
564,70.84726144776359,46.47099902465761,100.0,100.0,33.08565756744659,15.011635893138731,8.253292108036359,3.1134922441201973,6.069691601391969,2.2563044871268145
565,77.65966880311102,52.421689295461796,100.0,100.0,26.904617634937168,10.447451474075498,8.017223667620144,2.688303222643873,5.679870975248036,1.872919503130499
566,71.73933383078347,45.12640084922845,100.0,100.0,31.759178445884295,13.101719706417004,6.756439716868423,2.293582740785083,4.956555011807073,1.661399134468644
567,73.3583173110982,40.585078545899556,100.0,100.0,29.347672969495186,9.34192083952128,9.319688149056137,2.4862066267829275,7.190491843449909,1.8857353011093592
568,81.04013771404422,47.24449362894768,100.0,100.0,22.137398083069158,5.621896046353414,6.367432703240638,1.404792687144496,4.9247420111616975,1.0736144641881995
569,76.36536842280056,48.74455644171728,100.0,100.0,27.054452811160466,9.841985376643992,7.774646454514,2.4211609454735217,5.798677932271811,1.7795583767984846
570,76.75073211030602,47.045785280746045,100.0,100.0,27.766777884181504,9.375222542911231,6.609451819033807,1.8690245842676756,5.116638858235934,1.4304835121762394
571,78.5771612086656,49.95042439474867,100.0,100.0,26.074831880489924,8.756858987678918,8.748742255003206,2.542387409512481,6.512774434517965,1.8602772930423228
572,75.64021545261565,46.75525914101455,100.0,100.0,28.036866621996424,9.924323913680656,7.8027357430652255,2.337390633361802,5.96120378462569,1.7611021057082121
573,79.88185677076733,55.26843078654282,100.0,100.0,25.055983907601707,9.423092155042434,9.97192065052137,3.331855032149611,7.078494939861613,2.3155423058107694
574,74.89879833933442,49.85668165604553,100.0,100.0,28.956506845082007,11.957591195282246,7.633384135163357,2.6799959634175807,5.846359207250873,2.0271417078569276
575,74.95655673515236,47.04017581305071,100.0,100.0,28.971551250826654,10.797449031516248,9.198699877614324,2.918615831495275,7.052905109602648,2.2022584289380864
576,76.13154421074655,56.632698510286474,100.0,100.0,28.003822257890164,13.737092436248687,10.496450410258905,4.5814190353328454,7.128322753550664,3.0467196300004273
577,81.67628830483365,62.26836334312045,100.0,100.0,23.34961436689146,10.135213082771354,13.078658259562548,5.276817379923782,9.03808526404516,3.5481887583426186
578,75.67941671797097,45.026833584626225,100.0,100.0,27.864210709842606,9.22903811205048,5.347433053941842,1.4652721027572424,4.1554589983882835,1.1283408835674247
579,80.86980188855108,62.562667813401355,100.0,100.0,23.42364393212205,10.787679072165258,10.707896521881644,4.5260466464020706,8.016013089110963,3.330275023671758
580,76.98726004621864,41.95933659915073,100.0,100.0,25.795004181835335,6.987011870394522,10.101096496102935,2.3705005439853877,7.637010591156201,1.7554144945092442
581,72.9711494326418,46.42366001277537,100.0,100.0,31.36209698405994,12.78947255089652,10.424822435925318,3.6007848736025805,7.273095169356547,2.4556022162138924
582,76.50472061066425,47.671626750933726,100.0,100.0,27.490489006042118,9.5900039645046,7.0868397823287355,2.0893927236472876,5.32772517090967,1.550063355449427
583,81.79956120671726,56.17141164240671,100.0,100.0,22.072945259363973,7.473540724213179,6.7700328215211325,2.0287211335369593,4.990990157255071,1.475887486781191
584,75.00468251986788,51.931433209507084,100.0,100.0,29.179745444586423,12.91788348644991,8.554427495936089,3.258227934750335,6.285973527766564,2.3580009639404875
585,74.77461836982269,48.016946516473524,100.0,100.0,29.063899076149724,11.321893287350616,6.425121773904607,2.0948067946616966,4.675777910308554,1.5054928191849837
586,71.21446481103344,48.86295271644276,100.0,100.0,33.13353559128317,16.064126760132936,7.401547798604568,2.994774173797554,5.5858555264235665,2.234037406797651
587,77.43808760260968,45.75990397205195,100.0,100.0,26.113341825245172,7.992870912405681,5.908483865094083,1.5200537448611162,4.62625521254486,1.1782543042418103
588,77.12575409402082,53.98363927861507,100.0,100.0,26.99635141764476,11.39968785451978,10.57557149589351,3.952142331950137,7.619063530505155,2.7895203564554216
589,74.62709649895301,41.36730583779088,100.0,100.0,28.909376249256546,8.887733077105253,6.415072255739174,1.6177165214166012,4.920429412001226,1.2261627256176744
590,77.6865436881761,55.565226892670914,100.0,100.0,26.590204309394217,11.512055502932805,10.528571968433598,4.055158854143015,7.420204871535341,2.7981773609727756
591,80.23714249834725,58.17560231031214,100.0,100.0,23.73800258112069,9.636400459307847,9.567077160635595,3.4976471199610004,7.327257238565621,2.6373465814721664
592,74.29772501737605,44.815383260787854,100.0,100.0,29.68747974707754,10.603812872538299,8.70200977104274,2.6078709586301096,6.357769931289514,1.8716793004726062
593,83.60263676170166,59.98384785672395,100.0,100.0,20.57224155978964,7.076032223281725,6.569299520129901,2.025331451950796,5.0914266636185035,1.5527114570263456
594,75.09655714180685,47.385309617661775,100.0,100.0,28.693101983382263,10.728336446619569,9.99148569423378,3.208907681232942,7.4311527880854715,2.3414123923049424
595,79.6018990448011,58.12695409344701,100.0,100.0,24.30049682941001,10.248764296292078,10.307626255260494,3.9274590039795165,7.841803697286942,2.9379257667529357
596,75.98724515564481,55.12048684216309,100.0,100.0,28.178200518992703,13.215016353728359,8.609758720131989,3.527451836949902,6.577790228379032,2.660034356476515
597,80.17953155079812,56.47348361255049,100.0,100.0,23.511751600065878,8.974198894362019,9.437114873992025,3.234091887412738,6.7267955186368305,2.2607941679142596
598,77.42907458178254,51.78945386811821,100.0,100.0,26.807370123482666,10.2890800977259,7.886839952904046,2.6111681393997443,6.1606621913202435,2.0144113743244096
599,69.28117001667795,44.78191537451711,100.0,100.0,34.15810687790065,15.722264618618764,7.479661852129116,2.8249471066495446,5.437493781939273,2.025825546717075
600,76.3394834210094,49.137879088743716,100.0,100.0,28.485929759967398,10.656089445425632,6.7658865342340775,2.12671535960941,5.228236361518723,1.6250135795939258
601,74.10865108053261,52.598993866530755,100.0,100.0,30.034926315115374,14.267996192902855,5.622430760016838,2.257432475921295,4.3222081190173895,1.7211977052877137
602,73.39653525550018,52.950775783574386,100.0,100.0,31.631575713485272,15.87681239301386,7.190705642384154,3.0637184899953596,5.701081862604173,2.406868185671207
603,73.59358968392806,49.89607763673079,100.0,100.0,30.96031230442301,13.810922850372409,8.570891605517128,3.241129216369887,6.701939766929965,2.5025637720971883
604,73.74433169962253,45.956883115340695,100.0,100.0,29.75650399734079,11.367666904096762,7.9074041690392445,2.5337697353220556,5.841566107427287,1.843707844420317
605,78.61350373946395,50.93796343501964,100.0,100.0,25.85536941925636,8.966159353061364,8.401911395895546,2.5253459511802023,6.018043217470237,1.7765015413803042
606,81.71561892836814,60.46698568357856,100.0,100.0,21.79685779761137,8.708284480627881,11.63477442615669,4.311897248135144,7.975000974292456,2.880492472195406
607,68.07095994529064,34.7190531675251,100.0,100.0,34.9011458015874,11.796592782025117,6.064053531188929,1.5848863448177264,4.665395307686682,1.2060716416327888
608,66.26162157501041,42.19686232218657,100.0,100.0,38.07084641086652,18.59999033949564,7.0413320181857415,2.7384021188725627,5.474347785506383,2.107288275998498
609,78.00723912375989,58.95417656859745,100.0,100.0,27.000761830975584,13.026681539104457,9.429447060601703,4.045346805992844,7.357475302232597,3.1157479031404756
610,80.50354173790512,54.5889188012592,100.0,100.0,22.110829786930918,7.63353434128372,5.4998218903226315,1.6661062559167439,4.099771325236001,1.2292823772900863
611,79.03981810884545,52.21647038060024,100.0,100.0,25.675331959711333,9.09967912892652,6.731530804636354,2.048649689311288,5.159588321499243,1.5520539418293011
612,71.73226713871628,43.67468200317087,100.0,100.0,31.980109024697057,12.561679452240504,7.732988082750869,2.497013343938048,5.632379965499124,1.7911098752192545
613,75.66365883495722,52.13336333002481,100.0,100.0,27.88156818789036,11.927780868121873,9.104342059491477,3.3898346427412296,6.448750124533409,2.3578368693528584
614,67.09608253743073,37.54334298220263,100.0,100.0,36.90083577509413,14.704294629499525,4.772494078701972,1.4558556982446125,3.825454813223639,1.1589505107044595
615,77.38159912714649,51.34639129493286,100.0,100.0,26.8533572111648,10.172584828780696,10.742068516589908,3.579552048130352,8.023491444257258,2.620431534380996
616,80.11020465366136,57.015183537706704,100.0,100.0,23.79921398370296,9.326163634747298,9.586103048747052,3.3738027403417914,7.263909272635216,2.5146575607843835
617,74.8248133906519,52.79394415374106,100.0,100.0,28.810242437540744,13.215533859243667,9.509593758645385,3.8039098490074807,7.287927248871107,2.8729061719180993
618,77.93985074897878,54.293943646190726,100.0,100.0,25.724233605550673,10.429984643574352,9.02927075734592,3.2293906026323427,6.842657215635284,2.410119782924869
619,65.09900524648069,40.38360370451797,100.0,100.0,38.92637697356886,18.796155514039746,6.275762234085058,2.374013253321239,4.75642717537621,1.7813203602501049
620,76.08529486002386,53.36207361808691,100.0,100.0,29.061269549075075,12.841004801712486,6.093900808834729,2.2805525578541097,4.573016141064179,1.694214864184751
621,77.5665934677405,51.13397071183747,100.0,100.0,26.3231960502317,9.757567907395348,7.6308102074583495,2.4391694869489777,5.898634467070318,1.8617301309834633
622,82.74697022797547,58.39420985386853,100.0,100.0,19.880529271024162,6.769798689054429,7.800931343323447,2.416167679574477,5.948582203297037,1.817240410966725
623,71.33799351579265,43.290304862798415,100.0,100.0,33.11862534042683,13.185013279193726,6.658629198858068,2.1410654522185824,5.173980420114566,1.6459191638942938
624,75.01785120896976,44.91924880731546,100.0,100.0,28.08956749366145,9.590967187238054,6.931451162784274,1.982542769073381,5.230234661987209,1.4766867352116186
625,77.21026001391198,51.72162284758372,100.0,100.0,26.560248986552224,10.262595725542646,8.43161549226451,2.8293356657292823,6.3727384766148365,2.1069744972462945
626,76.40465688721886,52.274459848716816,100.0,100.0,28.66045499097566,11.963549461477097,7.249128653974168,2.575611617158313,5.508753878680506,1.9338632310073156
627,77.73847848105075,47.18456510174591,100.0,100.0,25.640432191665873,8.106348295735277,8.779606830835164,2.4031111023180673,6.553211011852755,1.7624756058780333
628,77.43632669434261,48.55392231785258,100.0,100.0,27.294970392008977,9.358030315790057,8.207097299217402,2.399762917869297,6.093863879944006,1.7532900553984154
629,75.31403017493378,48.4741466312547,100.0,100.0,28.091519522028264,10.751190338248307,6.422835194277965,2.072621584578893,4.932131077396573,1.5745890206739444
630,78.28926654491404,56.634862258812866,100.0,100.0,25.331375732128258,10.942270549677225,6.049444251760905,2.2788726217760513,4.487311415995321,1.6730666906024871
631,70.2749792717787,39.322608226752024,100.0,100.0,33.00671378848745,11.898396526386644,6.616458445662598,1.9051898614533602,5.095816844676948,1.4505094008608332
632,76.294999842351,47.649935043403204,100.0,100.0,28.338687919132322,10.058713093431738,5.964638336292138,1.762216889148427,4.559594951968949,1.333070203233544
633,78.4910620235786,52.349944646682786,100.0,100.0,25.224372131337304,9.219436940796722,6.1953165475094,1.9495754838274593,4.896209184346889,1.526279301849065
634,66.36490222518302,32.375677998436245,100.0,100.0,36.823191627672415,12.390388890472813,8.304950934351984,2.1504096480518986,6.306484549437885,1.6069907005793804
635,68.6494105487902,42.421992689571844,100.0,100.0,34.84066523074105,15.24770739559218,8.569984549608945,3.05737950474817,6.301155957287108,2.2126465588788835
636,77.8838130801237,51.843610367912476,100.0,100.0,26.40269625979734,9.883097954785136,4.876027325079891,1.5428632585850366,3.6720925555892903,1.1519524945807103
637,71.34271129142773,43.90005778475218,100.0,100.0,32.72793800543635,13.263899198664564,8.155468993343318,2.7153615740407866,6.347958819111799,2.0861610902610406
638,72.6466735732795,48.34608626564657,100.0,100.0,31.481415963697778,13.935490560033559,8.81215221496696,3.293462202787878,6.847501039446957,2.5251237580261154
639,71.63679461593514,44.126604675087165,100.0,100.0,32.532403628130226,13.102197681932893,8.768116160836481,2.917531385393457,6.7911118324906266,2.2274908397651116
640,69.93897531766595,42.45471534685983,100.0,100.0,34.589600730451444,14.360583380858849,7.533539104715503,2.5184725809099806,5.63523181202733,1.8584687047321524
641,81.56700246530242,55.70906079894444,100.0,100.0,21.24052672802035,7.119950067173075,6.443172215326842,1.9199802943269617,4.920094330123225,1.4495578045893187
642,78.74372286528845,51.05790249881996,100.0,100.0,24.54463583589729,8.391730718034317,7.796677767630477,2.3259157191839575,5.8317505835814964,1.7141035242676295
643,80.85376710109455,56.444255854007054,100.0,100.0,23.286620507002297,8.521420260322888,8.982814531099992,2.9396012954070128,6.43539338193121,2.0670432876512934
644,68.59070132913826,36.01757836361688,100.0,100.0,34.88915658060975,12.136459823173073,6.600906658751981,1.7892292678918897,5.144979011141215,1.3789213280805068
645,77.00392492489084,55.903156770248344,100.0,100.0,28.799908139196305,13.280036252922633,9.693628560449996,3.905150276076863,7.5534089864707665,3.000484075470833
646,81.34883575205629,58.43842765181623,100.0,100.0,22.039982219233465,8.35255325844988,5.740496969832121,1.925498201996323,4.263391635643798,1.4153051914294168
647,67.42037720067833,35.92654766031639,100.0,100.0,36.91195412355196,13.683709432645374,8.963735966036834,2.5985534847108305,6.730427383348358,1.9177187367331316
648,83.75401730652207,58.42139799633503,100.0,100.0,20.156532233466052,6.437540690270427,7.415734824972886,2.136389440301645,5.610348897664064,1.594147361378495
649,64.00292438662521,33.18842227554675,100.0,100.0,38.73776244535535,15.013838586839034,8.495856643510214,2.528404268256057,6.3476590786550435,1.8584454745246504
650,75.58676267473433,51.42505490497156,100.0,100.0,27.86255553602206,11.666192854824297,9.395696609886272,3.4244388012058757,6.726247512240424,2.4064494912582224
651,73.11118966078163,38.240386871361686,100.0,100.0,29.602522645281503,8.738974650738207,6.223174328657,1.488701524924585,4.580547511432032,1.0813463673372103
652,82.33328390910471,59.190742249878014,100.0,100.0,21.952121510633138,8.049044345862033,7.796256412365732,2.564079647560069,5.687343545339885,1.8422155549274066
653,80.57623419360267,56.60820562428758,100.0,100.0,23.726081056769253,8.910703295270917,7.445937780573086,2.4675731968316295,5.728043482432343,1.8750028116635509
654,69.73807444665962,34.81005958828376,100.0,100.0,33.41783526418911,10.418073633969582,11.025567861257512,2.7912006272997614,7.612346474975795,1.8734450996135465
655,79.92647881554569,53.34479464925599,100.0,100.0,23.312799526194016,8.028758000563895,6.718234668995249,2.0262496686686005,4.934080631803283,1.4685220082085615
656,69.07296386432262,42.29711614307272,100.0,100.0,34.53304400469332,14.757486192957991,9.286115463625343,3.2505167773388965,6.877467170822871,2.366550227243902
657,78.95727160477395,54.74301874313026,100.0,100.0,25.18770735978465,9.790794209708508,10.05906714048307,3.4799279436430464,7.180764597379385,2.433252896592919
658,68.8798391070255,41.9047305434987,100.0,100.0,34.83332670104975,14.835413846508738,7.14884907081138,2.447696761736784,5.293151807154017,1.7888180316629199
659,80.64454278326892,57.635353017176996,100.0,100.0,23.336933978283003,9.040998196068939,6.462459673148957,2.2061605068431467,4.7428121504566985,1.5997373882024823
660,72.48967811503333,48.745352428403834,100.0,100.0,31.4726923666389,14.219326984634584,8.409745835809323,3.2077010949274842,6.620567789421761,2.495107911479888
661,73.54792334075552,42.6622597877426,100.0,100.0,29.300524185393904,9.983310131995204,8.384176087402818,2.3904232307182194,5.956724047693285,1.6667554963289422
662,81.63464928267929,53.743728743509436,100.0,100.0,21.63808487001917,6.7317592813588405,7.605371376791792,2.106250314135971,5.886858875250445,1.6086874832227926
663,79.48193681370735,50.2358074988074,100.0,100.0,23.469112870763077,7.4000545624306024,9.888827429929126,2.7802571887110883,7.156511383762487,1.969137878664029
664,74.33375824178373,46.81235289699498,100.0,100.0,28.589122487396246,10.846744490812066,5.73810124884504,1.8163395611773603,4.350757966001351,1.3634754171260477
665,76.43657647382719,47.59384362835233,100.0,100.0,26.923538987443173,9.35032192925237,6.188770380393638,1.8134609675779734,4.967918286801709,1.44245031864485
666,79.18293170914009,49.072692286301326,100.0,100.0,23.140381558051427,7.086435622596177,8.598782336003818,2.3277338046735374,6.329156432707594,1.6828611429697937
667,83.66852184514227,57.758461342465736,100.0,100.0,20.710572721787468,6.516996984224155,6.500443835552783,1.8217430409153912,4.824256697515961,1.3347707128328556
668,79.49624111929037,47.393655247066825,100.0,100.0,24.17437387571638,6.897163552514474,10.410829449351787,2.6292220915188125,7.866420593438428,1.945342960121088
669,76.74674072056182,56.83639799708635,100.0,100.0,27.96210774841198,13.40948054741461,9.91078277277616,4.204487219048048,7.514755493346248,3.139926107517188
670,71.39645990641192,47.09792246697532,100.0,100.0,32.07892431996091,14.41697144677958,6.503347994679487,2.420859105340345,4.941222530727041,1.8202714863643665
671,80.5015677097148,53.82803599184771,100.0,100.0,23.09992591228407,7.818985839240378,6.383545258862955,1.8890889813758416,4.925499560351099,1.4417967856491964
672,71.3551319900332,44.685248979034874,100.0,100.0,32.21921720606476,13.356398910626643,6.653419636696556,2.25926277769648,5.009593781021504,1.681521230245464
673,76.08605503174856,53.422000309420255,100.0,100.0,27.209917027874873,11.875143180685443,11.129470107347107,4.319425083651751,8.129872939473536,3.0914140592394834
674,79.781715036016,52.1741069174925,100.0,100.0,25.20749938016972,8.523416587879918,9.399438989512687,2.7881920622591094,7.345534879141569,2.1447380745912237
675,77.26660676006078,52.862755906615824,100.0,100.0,26.763705051454345,10.7605525768527,4.973439661090106,1.697594514247247,3.9938635806906264,1.3540348292838789
676,76.31861851478857,50.04145361039232,100.0,100.0,27.1195800442684,10.366641523990838,8.155593301256314,2.6858139562569328,6.2120784713158965,2.017145127452269
677,76.77259667115112,47.47535125582233,100.0,100.0,25.990969454610045,8.762151910777805,7.998973521015051,2.322395852449821,5.90260357985154,1.686476981012075
678,83.01926333020918,59.368389607304394,100.0,100.0,21.01196071235918,7.364629878172013,7.33577029750665,2.311250507697127,5.600578248402188,1.74220559800089
679,81.04735213258826,56.0991429036654,100.0,100.0,22.455342647221677,7.9641423097291275,8.658510818191223,2.754598984023948,6.438759520004544,2.0150225076800976
680,73.13243234770567,48.42208207161016,100.0,100.0,31.144065096525775,13.494901411422566,7.8724559905571585,2.8628777300061414,6.022526355755675,2.162512059129429
681,79.38868549332972,47.61685530354322,100.0,100.0,23.812807521226777,6.86964692692621,9.47138715912007,2.409626751603011,7.394261578430572,1.8495454571786807
682,78.9455279478791,56.63966893443213,100.0,100.0,25.291747768557993,10.54963139526418,6.017084680073237,2.1817343636528985,4.521798797025644,1.623102887348471
683,81.66636930620562,51.43307067209473,100.0,100.0,23.18218750061687,6.694317481198708,6.074754313397445,1.5143494432880322,4.6361973546292905,1.1426001459081792
684,73.18812555504631,42.96975497814795,100.0,100.0,29.341972553977737,10.28352729329879,5.521254934251985,1.5874530389288322,4.103465414377849,1.1673380904402508
685,80.87189573875527,59.92365143470517,100.0,100.0,24.487968378106906,10.288832586564943,6.549260336210749,2.4185808846055146,4.909491241851538,1.7931853189573688
686,81.84862424997988,55.30677557847212,100.0,100.0,23.6778988055655,7.845855648399969,9.29305250318756,2.7346951455518687,6.894081740897084,1.991571439867823
687,78.92377555995917,55.570949526895696,100.0,100.0,25.82565326569607,10.417946818735157,9.917725153019285,3.5469427541066523,7.538501178963641,2.651075041873785
688,74.31141392350109,40.64597607101794,100.0,100.0,28.923036703284133,8.786685911059845,6.3491221498022,1.5795702603025652,4.925693316618096,1.2116075778635937
689,74.19295421359598,45.13192015131919,100.0,100.0,29.659128988509764,10.765228374412118,7.311377469527358,2.2070852863481205,5.562422613595352,1.6572974166117915
690,70.83683661426456,41.96421647265783,100.0,100.0,32.10841477457691,12.341191188581767,6.643498274336579,2.0744689629030866,5.198741716331323,1.6062399745959355
691,79.00981978959447,52.32228488610697,100.0,100.0,24.93029763982082,8.827407864332415,13.330597131434274,4.291796792784108,9.456785285095249,2.95506307379797
692,80.09766914932739,50.515059239108176,100.0,100.0,24.065442361327015,7.440558913973905,9.161252453553692,2.494278195647859,6.900901735012244,1.8454505133239762
693,68.75618707086078,40.81663927438927,100.0,100.0,34.0790949487057,13.942577432622027,8.106581606972219,2.690291734143946,5.933586399308743,1.9385227632938484
694,83.09924245000605,59.73800428039298,100.0,100.0,19.479272307893613,6.803449646478709,7.664878395664864,2.4437546861021286,5.763876764081777,1.8122527346693174
695,77.80527148459387,53.05478619704187,100.0,100.0,26.0651161028426,10.205489511262822,10.773961048541093,3.7469019762755185,8.185672726907445,2.793902805156223
696,75.10980287581323,49.54687223689598,100.0,100.0,29.02585858893527,11.745732100469631,10.083518267978707,3.520994358507157,7.675050796974581,2.6340752140009083
697,75.05772646843674,48.29800865294804,100.0,100.0,28.748089189746107,11.130759237836862,10.134224096802969,3.3823207147988588,7.9373337643235615,2.606650049474002
698,70.2268399758698,45.30043184884626,100.0,100.0,34.07438383429402,15.35995430017355,6.642785715867417,2.437395388188446,5.035697425738461,1.827795437644597
699,82.1571281548845,52.25836835400586,100.0,100.0,20.794573769028823,5.874619045626639,6.931723901700848,1.7397875441784838,5.319840075496329,1.3181228947205859
700,80.42707654671723,52.47440547877349,100.0,100.0,23.714171861746124,7.7089507061767755,9.882819296450462,2.86241564126527,7.479774000409922,2.1261369946359965
701,73.532862175658,51.62234735149056,100.0,100.0,31.032797800002022,14.735465420281068,7.040351486356277,2.8266085022982,5.56087438260181,2.2115540699812697
702,79.33584733825676,57.36550953691821,100.0,100.0,25.045957290803656,10.482972657683852,8.706503576015601,3.2341726425202943,6.462185322185765,2.363959477716393
703,78.68894643232491,49.0475420197914,100.0,100.0,24.153020208343435,7.665495152074131,7.245075833189651,1.9956954294752638,5.2590024649217355,1.4264901189684265
704,84.00974132161178,59.45179079523874,100.0,100.0,19.53785160321131,6.34641745764466,4.673653035388647,1.3497728360737815,3.624226969101485,1.038562403736698
705,74.74226607239903,43.847809477746495,100.0,100.0,28.007073098170586,9.309927260852401,7.083652927340578,1.9720780534575044,5.325477451074789,1.4626318264801652
706,73.69032397727888,46.29959982667163,100.0,100.0,29.83701305694062,11.575112912865704,10.811394528270135,3.597215286226696,8.63377581689847,2.8266175224808676
707,74.48437832027008,51.19713626278338,100.0,100.0,30.049792316305368,13.373452354984394,9.735615255823472,3.731404981097386,7.222913398800335,2.721631145784076
708,80.16442677362458,55.15244268264221,100.0,100.0,25.147086402600006,9.27462970340336,10.616048493380948,3.4879777928327083,8.598275567952896,2.7828439141835526
709,66.89567844147003,37.70626618611159,100.0,100.0,36.5690135581243,14.725957601052354,9.504897286156421,3.050173267078482,7.082841977530929,2.232345046331874
710,72.03336876532198,45.15925581149004,100.0,100.0,31.611948519650902,12.875406376870624,4.334568018570439,1.4278904250711544,3.3970978269268426,1.111765853109603
711,81.14904299605057,58.814501685746556,100.0,100.0,22.87971869331804,8.959929301599267,8.294543938847799,2.9130518488865054,6.262062595062767,2.1680671689031983
712,74.80813417784475,53.26327228443042,100.0,100.0,29.60186079059651,13.895239333631404,9.877327871455577,4.036389295231945,7.140859361805019,2.866653698577526
713,65.98479211352836,36.88118601187828,100.0,100.0,38.675737219512385,15.9641395585158,5.870142862810923,1.8438048255447481,4.635522741102416,1.4430294727506454
714,71.75326228431305,46.70863121670706,100.0,100.0,31.683711550463645,13.794650458840174,7.274783704402066,2.6356587432364575,5.279893276710634,1.8870238644225878
715,77.0464819719794,55.45678114595829,100.0,100.0,25.684770372397526,11.362753984875829,4.99595688125315,1.9131839790641147,3.757920815927618,1.4276030050173527
716,74.11066048629571,48.015536805801126,100.0,100.0,30.677421314483723,12.494695407354028,7.166007560057519,2.4301531669324694,5.3414639413895575,1.7881844954655501
717,73.23610617451665,45.013085951586405,100.0,100.0,30.70856298203526,11.706134774816423,7.501191933951967,2.3685740811654643,5.6192850357761674,1.7499822973380041
718,70.08842993571251,36.40220505716214,100.0,100.0,33.779834962997654,11.080116840112296,8.937177908527271,2.3412558841954922,6.864866281545112,1.7686705728381713
719,76.71711536184668,50.608636939807724,100.0,100.0,25.968113525203997,9.835063191597904,8.850301696224538,2.9309076967883985,6.156666944920941,1.999355069911679
720,81.54130096735624,60.45789485838424,100.0,100.0,22.63387572652387,9.194662524893015,4.81977815090594,1.7224689159200723,3.5727081778343273,1.2661384530450848
721,71.57306629544946,42.900452204641006,100.0,100.0,31.803926610589073,12.216421778398413,9.03099938832158,2.8772192464314172,6.6064548356507995,2.0672311736985027
722,73.37768924508663,41.235422381782364,100.0,100.0,30.63201437680776,10.106020146879857,7.89350353340158,2.1352124274322426,5.915138399630515,1.5753762523054826
723,78.18792161607593,47.95148463351303,100.0,100.0,24.488492093839863,7.6936102604658885,8.629206142497148,2.369728377963587,5.981737917896412,1.6088759821808796
724,70.62024743462298,43.34324330387628,100.0,100.0,32.79463033922912,13.442792757072086,5.87071998408919,1.9463387547414834,4.697720284117235,1.5445824486380877
725,75.35177714953831,45.59415715963107,100.0,100.0,28.34625380517646,9.783585713065301,8.644635263235967,2.5284041028696858,6.35201831114216,1.8254422270318926
726,70.9338817236039,44.82766848758989,100.0,100.0,32.83318267606702,13.996826072153222,7.110553521342855,2.485223554374183,5.182739203221331,1.787302913781763
727,81.4687163945824,59.26066191742561,100.0,100.0,22.298002550627682,8.671720480139179,9.299947348396687,3.281334234897737,6.645171495952862,2.3010539441447597
728,71.83657949518964,41.95374880715398,100.0,100.0,31.371562330344627,11.467543490642607,4.932443166712785,1.448862701176279,3.6491650339019133,1.0617878408724302
729,81.27154074431483,60.93982879361813,100.0,100.0,22.67804760423585,9.538824548514702,6.366849377122186,2.3863611071867075,4.826931247894151,1.7907738290134145
730,80.8052969826654,52.733495938560516,100.0,100.0,22.460443054267987,7.12931527257008,11.466550096130845,3.3185094423200834,8.103817783713351,2.283671545571686
731,71.23347298600426,41.23753027827477,100.0,100.0,32.078039067771904,11.804308155374965,9.307059826905151,2.8260798336743775,7.393577558379039,2.2125462034206733
732,76.91293218227061,46.91282510820534,100.0,100.0,26.008557225114004,8.52883099836852,6.0257275266906944,1.672424897029312,4.628517607258353,1.270980678123701
733,72.9312249019359,48.5558588414587,100.0,100.0,30.596797214353224,13.37783822032491,7.084649433176249,2.601616963365694,5.412044710021013,1.9650223137636424
734,73.26614285984576,45.099731567927094,100.0,100.0,30.858229857875564,11.799372426149212,7.64638475366789,2.4216595922963435,5.848738538770604,1.8280207421814132
735,75.20087104487038,51.79773884128092,100.0,100.0,29.113065599219645,12.704808983848082,7.042495069875033,2.6145253273337388,5.466428676690516,2.0080045538411917
736,79.04782137932617,52.46913268405508,100.0,100.0,23.488274215524775,8.24203021297648,6.406072229535587,1.963359560455924,4.796898814202621,1.4528500595968996
737,84.63858102652685,61.35367213877989,100.0,100.0,18.85879926811217,6.276483413802481,6.256355323250196,1.8866994783612867,4.8177493650721654,1.4374581707257583
738,78.77298907322786,47.9632607481103,100.0,100.0,23.283704659621797,7.009880042229277,7.74496672348457,2.042572794925812,5.4569979419838655,1.4133629841573625
739,76.29346797214647,52.28137067874407,100.0,100.0,29.644007869165833,12.544732158443194,9.840436028665811,3.5825940478793616,7.374009747110943,2.6387377769523157
740,71.16317896652937,46.983602439433035,100.0,100.0,32.739953924483245,14.879345310576808,8.31495895303055,3.15406904062957,6.198611115856922,2.3180755186685387
741,72.1769742515821,47.42908757305627,100.0,100.0,31.535139767679897,13.807119245283205,7.060927469911427,2.5741982413552855,5.235031720696748,1.8850019457621103
742,78.82400427361172,48.917014451985885,100.0,100.0,23.477856692171063,7.3155524573955795,7.009303626329455,1.9022319070887583,5.134563398140079,1.3732799227262893
743,74.92899700491616,42.56320643801701,100.0,100.0,28.180141610159094,8.866249098020518,6.376753637150956,1.6607658072606224,4.612467776406081,1.1847630487417216
744,69.32430749957454,45.88103112253458,100.0,100.0,34.42710724895106,16.454722305342674,6.771973591779279,2.6526822763308644,5.303056059926514,2.057565337649725
745,77.53576206545331,48.73015568291148,100.0,100.0,26.281172178791312,8.939572664157158,6.455404637428952,1.8648859653456196,4.867675974985919,1.3894457817482109
746,73.6517078960111,45.56572317479948,100.0,100.0,29.755680563283416,11.2571271342645,10.175910786763943,3.2811568819715142,7.742569000688649,2.4515435811287567
747,72.0478622537246,48.35626630074359,100.0,100.0,33.35359086546291,15.38329754022919,4.563815069869204,1.7075132755783096,3.6781837473809587,1.368216263506683
748,78.19943198571774,56.26815435474122,100.0,100.0,26.127576239852047,11.258313736322389,5.343446757944648,1.984695435548589,4.084128881855542,1.5043718275076778
749,72.84747773984364,43.89191638253981,100.0,100.0,30.98295544325349,11.574389740056844,11.114546043699159,3.5177319674379204,7.775332763708032,2.3992718379081235
750,78.41683975254156,52.092854981078915,100.0,100.0,24.945708940418587,9.047302354925968,8.244308799170408,2.618669677021679,6.237984816529741,1.9522651594205631
751,81.047461780318,54.807448597160445,100.0,100.0,21.968973999590023,7.394043947984019,6.651158791918233,1.9806165912222506,5.024121705310702,1.4780213168448797
752,70.42139542168277,37.940071190142824,100.0,100.0,32.89544271183006,11.18028049659545,8.175097918266605,2.2349910559132824,6.109567013765171,1.6434310016379627
753,80.26494026170884,53.767108388165084,100.0,100.0,23.58082951587297,8.107944616101271,8.318513766438295,2.5288222915137215,6.5115505531867175,1.952725442899439
754,80.70791572287368,53.07365576337394,100.0,100.0,23.53333971132443,7.681136536835176,10.558446521417187,3.092729433388952,7.53015439048641,2.154125940921703
755,70.53172318807832,47.46633072066816,100.0,100.0,33.47982132401188,15.966157746071918,7.5218345719645585,2.9789894033132147,5.3762116006708105,2.099804786516213
756,79.5597081033384,52.02180906294955,100.0,100.0,25.431483965329406,8.676188380322692,9.553680095427275,2.8583652566731677,7.406717503297678,2.1797556532602846
757,85.25852386373735,66.29857519759814,100.0,100.0,18.903032850134572,7.345972586240834,10.743346296873913,3.933068997537692,7.962475985599871,2.858557400093331
758,68.84433774049022,39.842977885884025,100.0,100.0,35.24083850723845,14.02354641520127,5.806188341798169,1.8140598275454556,4.306253659623893,1.3308564981300175
759,71.55865029718962,48.79118444648799,100.0,100.0,32.454595996598215,15.394400467764891,7.038244104487434,2.787196779629819,5.396816599174292,2.114629044801397
760,70.42539243179726,43.96439092436854,100.0,100.0,34.719474771166794,14.910495553466896,12.298940607049714,4.416443763277533,9.445074287162548,3.322351020459724
761,68.71359810908596,42.211907340054935,100.0,100.0,34.61470258812053,14.971182993612365,8.393004115737213,2.9570739635005117,6.509620881126987,2.2633704835022805
762,82.8668241588083,54.835167324553616,100.0,100.0,20.174409102669443,5.965691349593971,8.61525788350168,2.3118124158370668,6.315675950558008,1.6641046474339394
763,71.80665144307778,48.44942425982429,100.0,100.0,32.31516811679591,14.978833015737237,7.358256685264209,2.847471073622221,5.77630887157905,2.2121412613502978
764,73.1504442512339,43.19103141422289,100.0,100.0,30.003122808786042,10.683552587743483,7.007971590900652,2.059703482506192,5.228052105199332,1.5160802850526567
765,76.27841410371128,47.35571188768427,100.0,100.0,27.473617471812517,9.581609187898243,10.953037742812832,3.3264840925300243,7.8538706986651885,2.3288237440982407
766,77.67289880194977,51.852837041056745,100.0,100.0,26.22554369874981,9.913816315359835,5.785916336405361,1.865699121130282,4.427106471180265,1.4137297434810292
767,70.39458995268497,38.5532867984302,100.0,100.0,33.24529505525846,11.615033373910855,6.5943637724098725,1.8288487198119041,5.111432038552321,1.4015004840805534
768,65.80567126176862,37.80622970240183,100.0,100.0,37.351460813842095,15.847803748633826,9.254881019985362,3.1209304666063087,7.171711936346092,2.3822023859881747
769,76.87976617822133,48.46030696249962,100.0,100.0,27.858435402576188,9.844368592273756,5.518073820235669,1.6246110305155659,4.374016238665046,1.276871733555407
770,80.06071622109641,52.515567404794695,100.0,100.0,23.445061093128526,7.779168405528902,8.706213107779393,2.5594931053398495,6.6303768320999605,1.9184313992774427
771,82.6716960905364,53.42792278184545,100.0,100.0,21.913063145643385,6.321259541747226,6.620154189369476,1.676152055100033,4.924929929818389,1.2302624541629448
772,71.89722110363121,48.77735658556094,100.0,100.0,32.8197505088486,15.386104904071374,7.401567136146648,2.8892217690284605,5.5871017506618825,2.1551943882083813
773,74.52993018721885,46.116453137970524,100.0,100.0,28.32904680372257,10.362767666728633,7.202235198922957,2.2196297068790116,5.36264417165987,1.6303359822371633
774,76.27209855753023,56.56145456245471,100.0,100.0,28.44476396830111,13.86936546981028,8.90299039106922,3.808098838356999,6.738924994824558,2.8437960363789316
775,76.7551275439785,52.096993223789624,100.0,100.0,26.455489887022964,10.592711505512032,9.255427793807392,3.250091482309714,7.315573665923569,2.5337610265808497
776,71.3813083658083,40.696545872209356,100.0,100.0,32.450487214755306,11.674241690715792,6.240181084637375,1.7982175923886734,4.561098079606596,1.2978160380454407
777,81.10458146453512,55.23399922053975,100.0,100.0,23.752925284321392,8.218891902613867,8.074474001455211,2.462733339140566,6.050972789827858,1.8177536866010757
778,71.47309905882528,38.35903445378207,100.0,100.0,32.12134501067406,10.51736922362866,8.798590699746,2.340111713135229,6.829866520559758,1.7881684359187688
779,67.57999707248182,39.57635059622054,100.0,100.0,35.99173950767043,15.015178876973344,7.355811897808118,2.434072314847391,5.443461140498506,1.7767321055529361
780,78.17410367984559,50.23166380294879,100.0,100.0,26.1548902510804,9.075018554141657,8.345471265427873,2.501654891864724,6.121425560131655,1.804312525448748
781,75.58110716492592,49.968151604676514,100.0,100.0,27.76777906583562,11.035360436726604,7.538263737680017,2.5632533115639067,5.681950488610421,1.906782912049798
782,74.70347872048238,52.82274262590726,100.0,100.0,28.694014535107637,13.237479901123983,8.6505979786774,3.466003905484205,6.8207384542144585,2.7004203537154825
783,78.29272099459217,48.69286756194462,100.0,100.0,25.470647996601304,8.250624577647315,7.6965557783094996,2.1469612341345146,5.946664900228537,1.6364579761389164
784,65.74961625624891,42.093430751946556,100.0,100.0,39.24724128288764,19.65454130906179,11.476707214897575,4.679555349302811,8.853183020650391,3.5475621376865996
785,71.70540407606218,43.56759790393956,100.0,100.0,31.261329188621634,12.16865167157416,9.77061680659881,3.1934875356039893,6.968724366452694,2.231063063523664
786,75.10715554463509,49.001138485106,100.0,100.0,29.431309115109684,11.724077073693595,11.226375966739655,3.871220878649617,8.562992768591304,2.8958771637274228
787,78.58554284873597,57.85483717602591,100.0,100.0,24.89904657590297,11.033633574224389,6.827250706123977,2.6679018693635426,5.385033479813261,2.0846659973599024
788,81.37230939556315,51.732490448177415,100.0,100.0,21.666110527875794,6.354861922872557,8.279850359745577,2.1668753356258175,6.135641206281662,1.578482095005862
789,80.21176664422032,49.91245158216485,100.0,100.0,23.18250749254016,6.90663730486899,6.15152506454153,1.585845385636353,4.849998564852298,1.2375774800747363
790,81.34422153324704,58.049305571419396,100.0,100.0,22.44969577544904,8.413951908504302,7.037222432971579,2.3459932564548036,5.38507086518406,1.7741997892919303
791,85.09131510955278,58.845417156512795,100.0,100.0,19.014219202337646,5.555146773733799,9.334616839009325,2.514450318183925,6.592642171611085,1.7374576583843337
792,67.44710750437892,42.33609630138028,100.0,100.0,36.0634063293491,16.6577217340001,6.147058447835141,2.2682358968308614,4.732431639730206,1.7297930564222463
793,75.2755729622783,50.96072068692037,100.0,100.0,28.68686239788839,12.072603446847442,8.874777813582213,3.2172186847934214,6.849132406486669,2.4482031484729494
794,71.03179727372205,40.379962164496064,100.0,100.0,32.41449807691117,11.69767547164634,7.609625665773601,2.22438151267369,5.578829553492792,1.6057767957227354
795,72.11709275137164,42.54158216121051,100.0,100.0,30.51200933960656,11.166026803257745,8.705085794598943,2.6569955587604777,6.675998548835649,2.006685479752368
796,83.48874252678425,59.20946772838875,100.0,100.0,20.202664414347858,6.775367972050239,5.19071454639154,1.547350598675068,4.011677032741112,1.1855340620958943
797,75.52813097358373,44.76403533233013,100.0,100.0,28.151837397034697,9.328793297142578,7.282075977965596,2.0206531311080855,5.325344401557908,1.4554992925028487
798,75.82831005207196,53.547742596688465,100.0,100.0,28.890998797344423,12.990199078738696,6.794557287227832,2.608851193786743,5.09546919187025,1.93473982539063
799,76.60015857838076,55.757677721235865,100.0,100.0,27.450982736993335,12.714989359745898,7.885133720654713,3.1904185248078365,6.003456496790083,2.399881664681014
800,76.56154024293967,45.95045934465455,100.0,100.0,26.701531186126594,8.660003281418383,5.093283134079485,1.377503380663203,3.9802521974879213,1.0673462919806975
